#
# Apache/PHP/Drupal settings:
#

# Protect files and directories from prying eyes.
<FilesMatch "\.(engine|inc|info|install|make|module|profile|test|po|sh|.*sql|theme|tpl(\.php)?|xtmpl)(~|\.sw[op]|\.bak|\.orig|\.save)?$|^(\..*|Entries.*|Repository|Root|Tag|Template|composer\.(json|lock))$|^#.*#$|\.php(~|\.sw[op]|\.bak|\.orig\.save)$">
  Order allow,deny
</FilesMatch>

# Don't show directory listings for URLs which map to a directory.
Options -Indexes

# Follow symbolic links in this directory.
Options +FollowSymLinks

# Make Drupal handle any 404 errors.
ErrorDocument 404 /index.php

# Set the default handler.
DirectoryIndex index.php index.html index.htm

# Override PHP settings that cannot be changed at runtime. See
# sites/default/default.settings.php and drupal_environment_initialize() in
# includes/bootstrap.inc for settings that can be changed at runtime.

# PHP 5, Apache 1 and 2.
<IfModule mod_php5.c>
  php_flag magic_quotes_gpc                 off
  php_flag magic_quotes_sybase              off
  php_flag register_globals                 off
  php_flag session.auto_start               off
  php_value mbstring.http_input             pass
  php_value mbstring.http_output            pass
  php_flag mbstring.encoding_translation    off
</IfModule>

# Requires mod_expires to be enabled.
<IfModule mod_expires.c>
  # Enable expirations.
  ExpiresActive On

  # Cache all files for 2 weeks after access (A).
  ExpiresDefault A1209600

  <FilesMatch \.php$>
    # Do not allow PHP scripts to be cached unless they explicitly send cache
    # headers themselves. Otherwise all scripts would have to overwrite the
    # headers set by mod_expires if they want another caching behavior. This may
    # fail if an error occurs early in the bootstrap process, and it may cause
    # problems if a non-Drupal PHP file is installed in a subdirectory.
    ExpiresActive Off
  </FilesMatch>
</IfModule>

# Various rewrite rules.
<IfModule mod_rewrite.c>
  RewriteEngine on

  # Set "protossl" to "s" if we were accessed via https://.  This is used later
  # if you enable "www." stripping or enforcement, in order to ensure that
  # you don't bounce between http and https.
  RewriteRule ^ - [E=protossl]
  RewriteCond %{HTTPS} on
  RewriteRule ^ - [E=protossl:s]

  # Make sure Authorization HTTP header is available to PHP
  # even when running as CGI or FastCGI.
  RewriteRule ^ - [E=HTTP_AUTHORIZATION:%{HTTP:Authorization}]

  # Block access to "hidden" directories whose names begin with a period. This
  # includes directories used by version control systems such as Subversion or
  # Git to store control files. Files whose names begin with a period, as well
  # as the control files used by CVS, are protected by the FilesMatch directive
  # above.
  #
  # NOTE: This only works when mod_rewrite is loaded. Without mod_rewrite, it is
  # not possible to block access to entire directories from .htaccess, because
  # <DirectoryMatch> is not allowed here.
  #
  # If you do not have mod_rewrite installed, you should remove these
  # directories from your webroot or otherwise protect them from being
  # downloaded.
  RewriteRule "(^|/)\." - [F]

  # If your site can be accessed both with and without the 'www.' prefix, you
  # can use one of the following settings to redirect users to your preferred
  # URL, either WITH or WITHOUT the 'www.' prefix. Choose ONLY one option:
  #
  # To redirect all users to access the site WITH the 'www.' prefix,
  # (http://example.com/... will be redirected to http://www.example.com/...)
  # uncomment the following:
  RewriteCond %{HTTP_HOST} .
  RewriteCond %{HTTP_HOST} !^www\. [NC]
  RewriteRule ^ http%{ENV:protossl}://www.%{HTTP_HOST}%{REQUEST_URI} [L,R=301]
  #
  # To redirect all users to access the site WITHOUT the 'www.' prefix,
  # (http://www.example.com/... will be redirected to http://example.com/...)
  # uncomment the following:
  # RewriteCond %{HTTP_HOST} ^www\.(.+)$ [NC]
  # RewriteRule ^ http%{ENV:protossl}://%1%{REQUEST_URI} [L,R=301]

  # Modify the RewriteBase if you are using Drupal in a subdirectory or in a
  # VirtualDocumentRoot and the rewrite rules are not working properly.
  # For example if your site is at http://example.com/drupal uncomment and
  # modify the following line:
  # RewriteBase /drupal
  #
  # If your site is running in a VirtualDocumentRoot at http://example.com/,
  # uncomment the following line:
  # RewriteBase /

  # Pass all requests not referring directly to files in the filesystem to
  # index.php. Clean URLs are handled in drupal_environment_initialize().
  RewriteCond %{REQUEST_FILENAME} !-f
  RewriteCond %{REQUEST_FILENAME} !-d
  RewriteCond %{REQUEST_URI} !=/favicon.ico
  RewriteRule ^ index.php [L]

  # Rules to correctly serve gzip compressed CSS and JS files.
  # Requires both mod_rewrite and mod_headers to be enabled.
  <IfModule mod_headers.c>
    # Serve gzip compressed CSS files if they exist and the client accepts gzip.
    RewriteCond %{HTTP:Accept-encoding} gzip
    RewriteCond %{REQUEST_FILENAME}\.gz -s
    RewriteRule ^(.*)\.css $1\.css\.gz [QSA]

    # Serve gzip compressed JS files if they exist and the client accepts gzip.
    RewriteCond %{HTTP:Accept-encoding} gzip
    RewriteCond %{REQUEST_FILENAME}\.gz -s
    RewriteRule ^(.*)\.js $1\.js\.gz [QSA]

    # Serve correct content types, and prevent mod_deflate double gzip.
    RewriteRule \.css\.gz$ - [T=text/css,E=no-gzip:1]
    RewriteRule \.js\.gz$ - [T=text/javascript,E=no-gzip:1]

    <FilesMatch "(\.js\.gz|\.css\.gz)$">
      # Serve correct encoding type.
      Header set Content-Encoding gzip
      # Force proxies to cache gzipped & non-gzipped css/js files separately.
      Header append Vary Accept-Encoding
    </FilesMatch>
  </IfModule>
</IfModule>

# Add headers to all responses.
<IfModule mod_headers.c>
  # Disable content sniffing, since it's an attack vector.
  Header always set X-Content-Type-Options nosniff
</IfModule>

RewriteBase /
RewriteCond %{QUERY_STRING} page=(\d+) [NC]
RewriteCond %{QUERY_STRING} (width|count)=(\d+) [NC]
RewriteRule (.*) http://www.teploexpert.com/ [G]

RewriteCond %{QUERY_STRING} catFilter_(\d+)_(\d+)=Y [NC]
RewriteRule (.*) http://www.teploexpert.com/ [G]

RewriteCond %{QUERY_STRING} page=(\d+) [NC]
RewriteCond %{QUERY_STRING} PAGEN_(\d+)=(\d+) [NC]
RewriteRule (.*) http://www.teploexpert.com/ [G]

RewriteCond %{QUERY_STRING} ^(feedback_sha1|PAGEN|width|height|count|nmaker|count|f101|from|id_product|name|nmaker|ord|order|print|set_filter|sort)(.*)$ [NC]
RewriteRule (.*) http://www.teploexpert.com/ [G]

RedirectMatch 410 ^/&sa=U&ei=bM1qT6qSIMPS4QSAhfjtBQ&ved=0CBIQFjAA&usg=AFQjCNG4sXkm-ViBzcIPrLNjkV-eWPxJQg/$

RedirectMatch 410 ^/armatura/itelma/seriya_itelma_wfk/$
RedirectMatch 410 ^/armatura/klapany/itap/_itap_york/$
RedirectMatch 410 ^/armatura/klapany/klapan-luxor-easy-3-4/$
RedirectMatch 410 ^/armatura/klapany/luxor-tekna-3-4/$
RedirectMatch 410 ^/armatura/klapany/perepusknyye/klapan_perepusk_pryam_usv16l_3_4_/$
RedirectMatch 410 ^/armatura/klapany/predokhranitelnyye/klapan_predokhr_c_manom_svm25_1_2_2_5bar/$
RedirectMatch 410 ^/armatura/klapany/predokhranitelnyye/klapan_predokhr_msl3_1_2_3bar/$
RedirectMatch 410 ^/armatura/klapany/predokhranitelnyye/klapan_predokhr_sts_20_200_3_4_10bar/$
RedirectMatch 410 ^/armatura/klapany/predokhranitelnyye/klapan_predokhr_sts_20_3_4_10bar/$
RedirectMatch 410 ^/armatura/klapany/predokhranitelnyye/klapan_predokhr_sve_sol_1_2_kh3_4_4bar/$
RedirectMatch 410 ^/armatura/klapany/predokhranitelnyye/klapan_predokhr_svh15_1_2_1_5bar/$
RedirectMatch 410 ^/armatura/klapany/predokhranitelnyye/klapan_predokhr_svh15_3_4_1_5bar/$
RedirectMatch 410 ^/armatura/klapany/predokhranitelnyye/klapan_predokhr_svh25_1_2_5bar/$
RedirectMatch 410 ^/armatura/klapany/reduktsionnyye/far-bez-manometra-vr-vr-1/$
RedirectMatch 410 ^/armatura/klapany/reduktsionnyye/far-s-manometrom-vr-vr-1/$
RedirectMatch 410 ^/armatura/klapany/reduktsionnyye/khromirovannyy-davleniya-far-s-manometrom-nr-nr-1-1-2/$
RedirectMatch 410 ^/armatura/klapany/reduktsionnyye/mini-far-s-manometrom-vr-vr-3-4/$
RedirectMatch 410 ^/armatura/klapany/reduktsionnyye/mini-far-vr-vr-3-4/$
RedirectMatch 410 ^/armatura/klapany/reduktsionnyye/reduktor_davleniya_nn_1_1_2/$
RedirectMatch 410 ^/armatura/klapany/termoreguliruyushchiye/far-fl-0295-12/$
RedirectMatch 410 ^/armatura/klapany/termoreguliruyushchiye/far-fv-1450-c114d/$
RedirectMatch 410 ^/armatura/klapany/termoreguliruyushchiye/far-fv-1550-c121/$
RedirectMatch 410 ^/armatura/klapany/termostaticheskiye/watts_industries/_watts_industries_aquamix/$
RedirectMatch 410 ^/armatura/klapany/watts_industries/_watts_industries_rem/$
RedirectMatch 410 ^/armatura/klapany/watts_industries/_watts_industries_svm/$
RedirectMatch 410 ^/armatura/manometry/kran_vv_1_2_dlya_manometra_rm15mm_ruchka_chernaya/$
RedirectMatch 410 ^/armatura/manometry/manometr_gazov_f_r260_63_25_1_4_250mbar/$
RedirectMatch 410 ^/armatura/manometry/watts_industries/seriya_watts_industries_mhr/$
RedirectMatch 410 ^/armatura/moduli_upravleniya/modul_upravlyayushchiy_pogodozavisimyy_climatic_control_ss_h_otoplenie_p03654/$
RedirectMatch 410 ^/armatura/schetchiki_vody/itelma/seriya_itelma_wfk/$
RedirectMatch 410 ^/armatura/sharovyye/itap/_itap_vienna_117/$
RedirectMatch 410 ^/armatura/sharovyye/rezbovyye/far-dlya-servoupravleniya-nr-nr-nr-1-2/$
RedirectMatch 410 ^/armatura/sharovyye/rezbovyye/far-nr-nr-1-1-2-80-s-220/$
RedirectMatch 410 ^/armatura/sharovyye/rezbovyye/far-nr-nr-2-80-s-24/$
RedirectMatch 410 ^/armatura/sharovyye/rezbovyye/far-nr-nr-nr-1-1-2-30-s-220/$
RedirectMatch 410 ^/armatura/sharovyye/rezbovyye/far-nr-vr-1-2-24/$
RedirectMatch 410 ^/armatura/sharovyye/rezbovyye/far-s-ruchnoy-deblokirovkoy-8-24/$
RedirectMatch 410 ^/armatura/sharovyye/rezbovyye/itap-vienna-117-1-1-2/$
RedirectMatch 410 ^/armatura/sharovyye/rezbovyye/itap-vienna-117-2/$
RedirectMatch 410 ^/armatura/sharovyye/rezbovyye/khromirovannyy-sharovoy-far-s-termometrom-kod-2651-vr-nr-1-sinyaya-ruchka/$
RedirectMatch 410 ^/armatura/sharovyye/shtutsernyye/itap/_itap_i_i_132/$
RedirectMatch 410 ^/armatura/sharovyye/uponor-q-e-sharovyy-16-16/$
RedirectMatch 410 ^/armatura/termometry/watts_industries/seriya_watts_industries_mtw/$
RedirectMatch 410 ^/armatura/termometry/watts_industries/seriya_watts_industries_t/$
RedirectMatch 410 ^/armatura/termostaty/radiodatchik_ots_rf_dlya_kontrollerov_climatic_control/$
RedirectMatch 410 ^/armatura/termostaty/radiomodul_wfhs_rf_master_6_zon_230v_chastota_signala_434mgts_p02607/$
RedirectMatch 410 ^/armatura/termostaty/termostat_komn_milux_rf_5_35_s_10a_220v_s_lcd_displeem_p02231/$
RedirectMatch 410 ^/armatura/termostaty/termostat_komn_milux_w_5_35_s_8a_220v_nedelnoe_programmirovanie_pitanie_3kh1_5v_aa/$
RedirectMatch 410 ^/armatura/termostaty/termostat_komn_wfht_5_30_s_24v_norm_zakr_servoprivod_s_datchikom_temperatury_p03908_00/$
RedirectMatch 410 ^/armatura/termostaty/termostat_komn_wfht_5_30_s_24v_otkr_servoprivod/$
RedirectMatch 410 ^/armatura/termostaty/termostat_komn_wfht_5_30_s_24v_otkr_servoprivod_p_3895/$
RedirectMatch 410 ^/armatura/termostaty/termostat_pogruzh_tc200_in_30_90_s_220v/$
RedirectMatch 410 ^/armatura/termostaty/termostat_programmiruemyy_komnatnyy_nedelnyy_c_lcd_displeem_btdp_watts/$
RedirectMatch 410 ^/armatura/termostaty/watts-industries-milux-rf-s-lsd-displeem/$
RedirectMatch 410 ^/armatura/ventili/reguliruyushchiye/far/_far_topline_i_/$
RedirectMatch 410 ^/armatura/ventili/reguliruyushchiye/far-fl-0110-12/$
RedirectMatch 410 ^/armatura/ventili/reguliruyushchiye/far-fl-0190-12/$
RedirectMatch 410 ^/armatura/ventili/reguliruyushchiye/far-ft-1626-12/$
RedirectMatch 410 ^/armatura/ventili/zaporno_reguliruyushchie/dlya-stiralnoy-mashiny-itap-250/$
RedirectMatch 410 ^/armatura/ventili/zaporno_reguliruyushchie/firat/$
RedirectMatch 410 ^/armatura/ventili/zapornyye/far-fl-0131-12/$
RedirectMatch 410 ^/armatura/ventili/zapornyye/far-fl-0160-12/$
RedirectMatch 410 ^/armatura/ventili/zapornyye/far-fl-0175-12/$
RedirectMatch 410 ^/armatura/ventili/zapornyye/watts_industries/$
RedirectMatch 410 ^/armatura/vozdukhootvodchiki/watts_industries/seriya_watts_industries_minivent/$
RedirectMatch 410 ^/armatura/watts_industries/_watts_industries_aquamix/$
RedirectMatch 410 ^/armatura/watts_industries/_watts_industries_microvent/$
RedirectMatch 410 ^/armatura/watts_industries/_watts_industries_minivent/$
RedirectMatch 410 ^/armatura/watts_industries/_watts_industries_rem/$
RedirectMatch 410 ^/armatura/watts_industries/_watts_industries_svh/$
RedirectMatch 410 ^/armatura/watts_industries/_watts_industries_svw/$
RedirectMatch 410 ^/armatura/watts_industries/c_watts_industries_sv_na/$
RedirectMatch 410 ^/climatic/konditsionery/kanalnye/kanalnaya_split_sistema_timberk_ac_tim_48lc_dt1/$
RedirectMatch 410 ^/climatic/konditsionery/napolno_potolochnye/vnutrenniy_blok_napolno_potolochnyy_hyundai_h_almc1_12h_ui163_i/$
RedirectMatch 410 ^/climatic/konditsionery/split_sistemy/invertornaya_split_sistema_timberk_ac_tim_18hdn_s11/$
RedirectMatch 410 ^/climatic/konditsionery/split_sistemy/invertornaya_split_sistema_timberk_ac_tim_18hdn_s19/$
RedirectMatch 410 ^/climatic/konditsionery/split_sistemy/invertornaya_split_sistema_timberk_ac_tim_18hdn_s8ml/$
RedirectMatch 410 ^/climatic/konditsionery/split_sistemy/invertornaya_split_sistema_timberk_ac_tim_24hdn_s11/$
RedirectMatch 410 ^/climatic/konditsionery/split_sistemy/split_sistema_hyundai_h_ar1_12h_ui012/$
RedirectMatch 410 ^/climatic/konditsionery/split_sistemy/split_sistema_hyundai_h_ar1_24h_ui014/$
RedirectMatch 410 ^/climatic/konditsionery/split_sistemy/split_sistema_timberk_ac_tim_07h_s10b/$
RedirectMatch 410 ^/climatic/konditsionery/split_sistemy/split_sistema_timberk_ac_tim_09h_s10/$
RedirectMatch 410 ^/climatic/konditsionery/split_sistemy/split_sistema_timberk_ac_tim_09h_s8ml/$
RedirectMatch 410 ^/climatic/konditsionery/split_sistemy/split_sistema_timberk_ac_tim_18h_s8ml/$
RedirectMatch 410 ^/climatic/konditsionery/split_sistemy/split_sistema_timberk_ac_tim_24h_s8ml/$
RedirectMatch 410 ^/climatic/konditsionery/split_sistemy/split_sistema_timberk_ac_tim_27h_s10b/$
RedirectMatch 410 ^/dymokhody/bofill/_bofill_bmdpex/$
RedirectMatch 410 ^/dymokhody/bofill/_bofill_edp/$
RedirectMatch 410 ^/dymokhody/bofill/_bofill_ri/$
RedirectMatch 410 ^/dymokhody/keramicheskiye/120-mm/$
RedirectMatch 410 ^/dymokhody/keramicheskiye/dw-180-mm/$
RedirectMatch 410 ^/dymokhody/keramicheskiye/keranova_160_mm/$
RedirectMatch 410 ^/dymokhody/keramicheskiye/konus_s_zontikom_kerastar_180_mm/$
RedirectMatch 410 ^/dymokhody/keramicheskiye/nastennaya-konsol-dlya-udlineniya-l1-dlina-302-mm/$
RedirectMatch 410 ^/dymokhody/keramicheskiye/perednyaya-panel-metallicheskaya-s-rezinovym-adapterom-180-mm/$
RedirectMatch 410 ^/dymokhody/keramicheskiye/potolochnaya-opora-derev-perekrytiya-160-mm/$
RedirectMatch 410 ^/dymokhody/keramicheskiye/revizionnogo-otverstiya-dlya-gaza-i-zhidkogo-topliva-180-mm/$
RedirectMatch 410 ^/dymokhody/keramicheskiye/rozetka-dlya-krysh-s-uklonom-160-mm/$
RedirectMatch 410 ^/dymokhody/keramicheskiye/schiedel/_schiedel_kerastar/$
RedirectMatch 410 ^/dymokhody/keramicheskiye/staticheskaya-manzheta-dlya-rastrubnogo-soedineniya-160-mm/$
RedirectMatch 410 ^/dymokhody/keramicheskiye/zontik-140-mm41382/$
RedirectMatch 410 ^/dymokhody/stalnyye/bofill/_bofill_bag/$
RedirectMatch 410 ^/dymokhody/stalnyye/bofill/_bofill_mmv/$
RedirectMatch 410 ^/dymokhody/stalnyye/bofill/_bofill_tpdp/$
RedirectMatch 410 ^/dymokhody/stalnyye/bofill/seriya_bofill_alis/$
RedirectMatch 410 ^/dymokhody/stalnyye/bofill/seriya_bofill_big/$
RedirectMatch 410 ^/dymokhody/stalnyye/bofill/seriya_bofill_ttig_45/$
RedirectMatch 410 ^/dymokhody/stalnyye/stalnyye_emalirovannyye/bofill/seriya_bofill_tvnbll/$
RedirectMatch 410 ^/dymokhody/stalnyye/stalnyye_emalirovannyye/bofill-evnb-125/$
RedirectMatch 410 ^/dymokhody/stalnyye/stalnyye_emalirovannyye/em-bofill-tvnb-175-1000/$
RedirectMatch 410 ^/dymokhody/stalnyye/stalnyye_emalirovannyye/fartuk-em-bofill-evnb-125/$
RedirectMatch 410 ^/dymokhody/stalnyye/stalnyye_emalirovannyye/otvod-em-bofill-cvnb-125-90-gr/$
RedirectMatch 410 ^/dymokhody/stalnyye/stalnyye_emalirovannyye/perekhod-em-bofill-rvnb-175x200/$
RedirectMatch 410 ^/dymokhody/stalnyye/stalnyye_iz_nerzhaveyki/90-300-mm/$
RedirectMatch 410 ^/dymokhody/stalnyye/stalnyye_iz_nerzhaveyki/90-400-mm/$
RedirectMatch 410 ^/dymokhody/stalnyye/stalnyye_iz_nerzhaveyki/90-dlya-sw-80-mm-180-mm/$
RedirectMatch 410 ^/dymokhody/stalnyye/stalnyye_iz_nerzhaveyki/acv/$
RedirectMatch 410 ^/dymokhody/stalnyye/stalnyye_iz_nerzhaveyki/bofill/_bofill_adp/$
RedirectMatch 410 ^/dymokhody/stalnyye/stalnyye_iz_nerzhaveyki/bofill/_bofill_bag/$
RedirectMatch 410 ^/dymokhody/stalnyye/stalnyye_iz_nerzhaveyki/bofill/_bofill_cdp_15/$
RedirectMatch 410 ^/dymokhody/stalnyye/stalnyye_iz_nerzhaveyki/bofill/_bofill_mmi/$
RedirectMatch 410 ^/dymokhody/stalnyye/stalnyye_iz_nerzhaveyki/bofill/seriya_bofill_prdp/$
RedirectMatch 410 ^/dymokhody/stalnyye/stalnyye_iz_nerzhaveyki/bofill/seriya_bofill_prsp_tmm/$
RedirectMatch 410 ^/dymokhody/stalnyye/stalnyye_iz_nerzhaveyki/bofill/seriya_bofill_tedp/$
RedirectMatch 410 ^/dymokhody/stalnyye/stalnyye_iz_nerzhaveyki/bofill/seriya_bofill_tfdp/$
RedirectMatch 410 ^/dymokhody/stalnyye/stalnyye_iz_nerzhaveyki/bofill-adp-200/$
RedirectMatch 410 ^/dymokhody/stalnyye/stalnyye_iz_nerzhaveyki/bofill-alis-140/$
RedirectMatch 410 ^/dymokhody/stalnyye/stalnyye_iz_nerzhaveyki/bofill-asd-250/$
RedirectMatch 410 ^/dymokhody/stalnyye/stalnyye_iz_nerzhaveyki/bofill-big-080/$
RedirectMatch 410 ^/dymokhody/stalnyye/stalnyye_iz_nerzhaveyki/bofill-bmg-160/$
RedirectMatch 410 ^/dymokhody/stalnyye/stalnyye_iz_nerzhaveyki/bofill-bvdp-125/$
RedirectMatch 410 ^/dymokhody/stalnyye/stalnyye_iz_nerzhaveyki/bofill-cdp-125-15-gr/$
RedirectMatch 410 ^/dymokhody/stalnyye/stalnyye_iz_nerzhaveyki/bofill-cdp-350-15-gr/$
RedirectMatch 410 ^/dymokhody/stalnyye/stalnyye_iz_nerzhaveyki/bofill-ci-100-90-gr/$
RedirectMatch 410 ^/dymokhody/stalnyye/stalnyye_iz_nerzhaveyki/bofill-ci-150-90-gr/$
RedirectMatch 410 ^/dymokhody/stalnyye/stalnyye_iz_nerzhaveyki/bofill-fcdp-650/$
RedirectMatch 410 ^/dymokhody/stalnyye/stalnyye_iz_nerzhaveyki/bofill-ri-250x300/$
RedirectMatch 410 ^/dymokhody/stalnyye/stalnyye_iz_nerzhaveyki/bofill-sdpa-150/$
RedirectMatch 410 ^/dymokhody/stalnyye/stalnyye_iz_nerzhaveyki/bofill-sdpa-250/$
RedirectMatch 410 ^/dymokhody/stalnyye/stalnyye_iz_nerzhaveyki/bofill-smdpex-200/$
RedirectMatch 410 ^/dymokhody/stalnyye/stalnyye_iz_nerzhaveyki/bofill-ti-175-250/$
RedirectMatch 410 ^/dymokhody/stalnyye/stalnyye_iz_nerzhaveyki/bofill-tig-100-1000/$
RedirectMatch 410 ^/dymokhody/stalnyye/stalnyye_iz_nerzhaveyki/bofill-tig-130-1000/$
RedirectMatch 410 ^/dymokhody/stalnyye/stalnyye_iz_nerzhaveyki/bofill-ttig-080-45-gr/$
RedirectMatch 410 ^/dymokhody/stalnyye/stalnyye_iz_nerzhaveyki/bofill-vdp-300/$
RedirectMatch 410 ^/dymokhody/stalnyye/stalnyye_iz_nerzhaveyki/bofill-vdp-400/$
RedirectMatch 410 ^/dymokhody/stalnyye/stalnyye_iz_nerzhaveyki/deflektor-s-zashchitnoy-reshetkoy-bofill-sdpt-175/$
RedirectMatch 410 ^/dymokhody/stalnyye/stalnyye_iz_nerzhaveyki/dekorativnaya-rozetka-dw-shirokaya-200-mm/$
RedirectMatch 410 ^/dymokhody/stalnyye/stalnyye_iz_nerzhaveyki/dw-150-mm/$
RedirectMatch 410 ^/dymokhody/stalnyye/stalnyye_iz_nerzhaveyki/element-truby-455-mm-s-inspektsiey-200-mm/$
RedirectMatch 410 ^/dymokhody/stalnyye/stalnyye_iz_nerzhaveyki/element-truby-razdvizhnoy-375-585-mm-350-mm/$
RedirectMatch 410 ^/dymokhody/stalnyye/stalnyye_iz_nerzhaveyki/fartuk-uteplennyy-bofill-vdp-125/$
RedirectMatch 410 ^/dymokhody/stalnyye/stalnyye_iz_nerzhaveyki/ics_15_200_mm/$
RedirectMatch 410 ^/dymokhody/stalnyye/stalnyye_iz_nerzhaveyki/ics_26_35_180_mm/$
RedirectMatch 410 ^/dymokhody/stalnyye/stalnyye_iz_nerzhaveyki/khomut-nastennyy-uteplennyy-bofill-bmdp-175/$
RedirectMatch 410 ^/dymokhody/stalnyye/stalnyye_iz_nerzhaveyki/khomut-nastennyy-uteplennyy-bofill-bmdp-300/$
RedirectMatch 410 ^/dymokhody/stalnyye/stalnyye_iz_nerzhaveyki/khomut-s-shurupom-bofill-ai-200/$
RedirectMatch 410 ^/dymokhody/stalnyye/stalnyye_iz_nerzhaveyki/khomut-trubnyy-bofill-briue-130/$
RedirectMatch 410 ^/dymokhody/stalnyye/stalnyye_iz_nerzhaveyki/koltso_dlya_rastyazhek_450_mm/$
RedirectMatch 410 ^/dymokhody/stalnyye/stalnyye_iz_nerzhaveyki/korotkiy-90-180-mm/$
RedirectMatch 410 ^/dymokhody/stalnyye/stalnyye_iz_nerzhaveyki/okonchanie-konicheskoe-ut-bofill-fcdp-250/$
RedirectMatch 410 ^/dymokhody/stalnyye/stalnyye_iz_nerzhaveyki/osnova-dymokhoda-uteplennyy-bofill-cadp-350-45-gr/$
RedirectMatch 410 ^/dymokhody/stalnyye/stalnyye_iz_nerzhaveyki/osnova-dymokhoda-uteplennyy-bofill-cadp-450-45-gr/$
RedirectMatch 410 ^/dymokhody/stalnyye/stalnyye_iz_nerzhaveyki/otvod-bofill-ci-80-90-gr/$
RedirectMatch 410 ^/dymokhody/stalnyye/stalnyye_iz_nerzhaveyki/otvod-s-izm-uglom-naklona-bofill-cig-130-90-grad-/$
RedirectMatch 410 ^/dymokhody/stalnyye/stalnyye_iz_nerzhaveyki/perekhod-bofill-ri-150x200/$
RedirectMatch 410 ^/dymokhody/stalnyye/stalnyye_iz_nerzhaveyki/prokhod_cherez_kryshu_0_450_mm/$
RedirectMatch 410 ^/dymokhody/stalnyye/stalnyye_iz_nerzhaveyki/prokhod_cherez_kryshu_16_25_450_mm/$
RedirectMatch 410 ^/dymokhody/stalnyye/stalnyye_iz_nerzhaveyki/prokhod_cherez_kryshu_26_35_500_mm/$
RedirectMatch 410 ^/dymokhody/stalnyye/stalnyye_iz_nerzhaveyki/prokhod_cherez_kryshu_3_15_300_mm/$
RedirectMatch 410 ^/dymokhody/stalnyye/stalnyye_iz_nerzhaveyki/s-proverochn-tr-ut-bofill-tcdp-175/$
RedirectMatch 410 ^/dymokhody/stalnyye/stalnyye_iz_nerzhaveyki/s-reduktsiey-germ-bofill-t80gf-250/$
RedirectMatch 410 ^/dymokhody/stalnyye/stalnyye_iz_nerzhaveyki/troynik-45-450-mm/$
RedirectMatch 410 ^/dymokhody/stalnyye/stalnyye_iz_nerzhaveyki/troynik-90-500-mm/$
RedirectMatch 410 ^/dymokhody/stalnyye/stalnyye_iz_nerzhaveyki/troynik-90-dlya-sw-80-mm-250-mm/$
RedirectMatch 410 ^/dymokhody/stalnyye/stalnyye_iz_nerzhaveyki/troynik-prochistki-t200-p1-300-mm/$
RedirectMatch 410 ^/dymokhody/stalnyye/stalnyye_iz_nerzhaveyki/troynik-prochistki-t200-p1-450-mm/$
RedirectMatch 410 ^/dymokhody/stalnyye/stalnyye_iz_nerzhaveyki/troynik-prochistki-t450-n1-w-230-mm/$
RedirectMatch 410 ^/dymokhody/stalnyye/stalnyye_iz_nerzhaveyki/troynik-s-reviziey-uteplennyy-bofill-tidp-350/$
RedirectMatch 410 ^/dymokhody/stalnyye/stalnyye_iz_nerzhaveyki/ut-bofil-tfdp-80/$
RedirectMatch 410 ^/dymokhody/stalnyye/stalnyye_iz_nerzhaveyki/uteplennaya-razdvizhnaya-560-895-bofill-tedpl-175/$
RedirectMatch 410 ^/dymokhody/stalnyye/stalnyye_iz_nerzhaveyki/uteplennaya-razdvizhnaya-560-895-bofill-tedpl-200/$
RedirectMatch 410 ^/dymokhody/stalnyye/stalnyye_iz_nerzhaveyki/yemkost-dlya-sbora-kondensata-350-mm/$
RedirectMatch 410 ^/elektricheskiy_teplyy_pol/aeg/$
RedirectMatch 410 ^/elektricheskiy_teplyy_pol/teplyy_pol/_i_i_aeg_hma_te_50_150_3/$
RedirectMatch 410 ^/elektricheskiy_teplyy_pol/teplyy_pol/_i_i_aeg_hma_te_50_set_150_5/$
RedirectMatch 410 ^/elektricheskiy_teplyy_pol/teplyy_pol/_i_i_i_aeg_hc_800_17_l50/$
RedirectMatch 410 ^/elektricheskiy_teplyy_pol/teplyy_pol/_i_i_i_aeg_hc_800_17_l90/$
RedirectMatch 410 ^/elektricheskiy_teplyy_pol/teplyy_pol/far/$
RedirectMatch 410 ^/elektricheskiy_teplyy_pol/teplyy_pol/nagrevatelnyy-mat-aeg-hma-te-50-150-2/$
RedirectMatch 410 ^/elektricheskiy_teplyy_pol/teplyy_pol/nagrevatelnyy-mat-aeg-hma-te-50-150-3/$
RedirectMatch 410 ^/elektricheskiy_teplyy_pol/teplyy_pol/nagrevatelnyy-mat-aeg-hma-te-50-150-6/$
RedirectMatch 410 ^/elektricheskiy_teplyy_pol/teplyy_pol/sistema-dlya-nagreva-polov-aeg-tbs-tb-50-160-7/$
RedirectMatch 410 ^/elektricheskiy_teplyy_pol/teplyy_pol/sistema-dlya-nagreva-polov-aeg-tbs-tb-50-160-8/$
RedirectMatch 410 ^/elektricheskiy_teplyy_pol/teplyy_pol/teplyy-pol-ftm-150-s-twin/$
RedirectMatch 410 ^/elektrogeneratory/benzinovyye/benzinovyye_odnofaznyye/gmgen-gmh13000s/$
RedirectMatch 410 ^/elektrogeneratory/benzinovyye/benzinovyye_odnofaznyye/hyundai-hhy-7000fe/$
RedirectMatch 410 ^/elektrogeneratory/benzinovyye/benzinovyye_trekhfaznyye/benzinovyy-generator-gmgen-gmh13000telx/$
RedirectMatch 410 ^/elektrogeneratory/benzinovyye/benzinovyye_trekhfaznyye/gmgen/$
RedirectMatch 410 ^/elektrogeneratory/benzinovyye/benzinovyye_trekhfaznyye/gmgen-gmh6500t/$
RedirectMatch 410 ^/elektrogeneratory/dizelnyye/dizelnyye_odnofaznyye/$
RedirectMatch 410 ^/elektrogeneratory/dizelnyye/dizelnyye_trekhfaznyye/dizelnyy-generator-gmgen-gml7500tlx/$
RedirectMatch 410 ^/elektrogeneratory/dizelnyye/dizelnyye_trekhfaznyye/dizelnyy-generator-gmgen-gml9000te/$
RedirectMatch 410 ^/elektrogeneratory/dizelnyye/dizelnyye_trekhfaznyye/dizelnyy-generator-gmgen-gml9000telx/$
RedirectMatch 410 ^/elektrogeneratory/dizelnyye/hyundai/seriya_diesel_serie/$
RedirectMatch 410 ^/elektrogeneratory/gazovyye/acv/$
RedirectMatch 410 ^/elektrogeneratory/gazovyye/gazovyye_trekhfaznyye/generac_sg050_40_kvt/$
RedirectMatch 410 ^/elektrogeneratory/gazovyye/generac/odnofaznaya/avtozapusk/$
RedirectMatch 410 ^/elektrogeneratory/gazovyye/russian_engineering_group/rossiya/trekhfaznaya/$
RedirectMatch 410 ^/elektrogeneratory/gazovyye/statsionarnyy/$
RedirectMatch 410 ^/elektrogeneratory/gmgen/seriya_gmgen_silent_dizel/$
RedirectMatch 410 ^/elektrogeneratory/gmgen/seriya_gmgen_svarochnye_benzinovye/$
RedirectMatch 410 ^/gorelki/dizelnyye/aeg/$
RedirectMatch 410 ^/gorelki/dizelnyye/dizelnaya_gorelka_lamborghini_lmb_lo_2000_2_st_/$
RedirectMatch 410 ^/gorelki/dizelnyye/dvukhstupenchataya-gorelka-riello-gulliver-rg5d/$
RedirectMatch 410 ^/gorelki/dizelnyye/riello-gulliver-rg-1r/$
RedirectMatch 410 ^/gorelki/dizelnyye/riello-gulliver-rg3d/$
RedirectMatch 410 ^/gorelki/dizelnyye/riello-rl-190-m/$
RedirectMatch 410 ^/gorelki/dizelnyye/trekhstupenchataya-gorelka-riello-press-200-t-g-t-l/$
RedirectMatch 410 ^/gorelki/euronord/$
RedirectMatch 410 ^/gorelki/ferroli/_sun_g/$
RedirectMatch 410 ^/gorelki/ferroli/_sun_m/$
RedirectMatch 410 ^/gorelki/gazovyye/_f_b_r_gas_x2_ce_tc_r_ce_d3_4_s/$
RedirectMatch 410 ^/gorelki/gazovyye/_f_b_r_gas_x4_ce_tc_r_ce_ct_d1_s/$
RedirectMatch 410 ^/gorelki/gazovyye/dvukhstupenchataya-progressivnaya-gorelka-riello-gas-8-p-m-t-l/$
RedirectMatch 410 ^/gorelki/gazovyye/dvukhstupenchataya-progressivnaya-gorelka-riello-rs-70-t-c/$
RedirectMatch 410 ^/gorelki/gazovyye/ferroli/_sun_m/$
RedirectMatch 410 ^/gorelki/gazovyye/gazovaya_gorelka_lamborghini_90_pm_m_e_d15/$
RedirectMatch 410 ^/gorelki/gazovyye/gazovaya_gorelka_lamborghini_lmb_g_6500_re_v_s_dn50/$
RedirectMatch 410 ^/gorelki/gazovyye/komplekt_perekhoda_na_szhizh_gaz_lamborghini_lmb_g_600_bc/$
RedirectMatch 410 ^/gorelki/gazovyye/lamborghini/_/$
RedirectMatch 410 ^/gorelki/gazovyye/lamborghini/seriya_em/$
RedirectMatch 410 ^/gorelki/gorelki_rabotayushchie_na_mazute_mazutnye_gorelki/lamborghini/$
RedirectMatch 410 ^/gorelki/lamborghini/_/$
RedirectMatch 410 ^/gorelki/lamborghini/_fire/$
RedirectMatch 410 ^/gorelki/lamborghini/_pnz/$
RedirectMatch 410 ^/gorelki/universalnyye/lamborghini_lmb_g_twin_6500_re_v_s_dn65/$
RedirectMatch 410 ^/gorelki/universalnyye/riello-gi-emme-1400-t-l/$
RedirectMatch 410 ^/gorelki/universalnyye/riello-gi-emme-2000-t-c/$
RedirectMatch 410 ^/kollektory_grebenki_komplektuyushchie/kollektory_i_grebenki/1-luxor-cd-457-12/$
RedirectMatch 410 ^/kollektory_grebenki_komplektuyushchie/kollektory_i_grebenki/far-dlya-napolnogo-otopleniya-s-vysokotemperaturnym-konturom-1-2/$
RedirectMatch 410 ^/kollektory_grebenki_komplektuyushchie/kollektory_i_grebenki/khromirovannyy-modulnyy-kollektor-far-s-metricheskoy-rezboy-nr-vr-1-1-4-quot-3-50-mm/$
RedirectMatch 410 ^/kollektory_grebenki_komplektuyushchie/kollektory_i_grebenki/khromirovannyy-modulnyy-kollektor-far-s-metricheskoy-rezboy-nr-vr-1-quot-2-50-mm/$
RedirectMatch 410 ^/kollektory_grebenki_komplektuyushchie/kollektory_i_grebenki/khromirovannyy-modulnyy-obratnyy-far-s-termoreguliruyushchimi-ventilyami-mr-vr-1-2/$
RedirectMatch 410 ^/kollektory_grebenki_komplektuyushchie/kollektory_i_grebenki/khromirovannyy-modulnyy-podayushchiy-far-s-zapornymi-ventilyami-mr-nr-vr-1-1-4-7/$
RedirectMatch 410 ^/kollektory_grebenki_komplektuyushchie/kollektory_i_grebenki/luxor-cd-468m-12-1-x3-4-ek/$
RedirectMatch 410 ^/kollektory_grebenki_komplektuyushchie/kollektory_i_grebenki/luxor-cd-473m-9/$
RedirectMatch 410 ^/kollektory_grebenki_komplektuyushchie/kollektory_i_grebenki/multifar-vr-nr-fk-3827-c11410/$
RedirectMatch 410 ^/kollektory_grebenki_komplektuyushchie/kollektory_i_grebenki/raspredelitelnyy-kollektor-rehau-rautitan-hlv-na-11-grupp/$
RedirectMatch 410 ^/kollektory_grebenki_komplektuyushchie/kollektory_i_grebenki/raspredelitel-uponor-sh-q-e-1-s-zapornymi-ventilyami-s-s-38-16-4/$
RedirectMatch 410 ^/kollektory_grebenki_komplektuyushchie/kollektory_i_grebenki/rehau-rautitan-hlv-na-10-grupp/$
RedirectMatch 410 ^/kollektory_grebenki_komplektuyushchie/kollektory_i_grebenki/rehau-rautitan-hlv-na-12-grupp/$
RedirectMatch 410 ^/kollektory_grebenki_komplektuyushchie/kollektory_i_grebenki/sbornyy-kollektornyy-uzel-far-s-zapornymi-i-termoreguliruyushchimi-ventilyami-mr-nr-vr-1-1-4-quot-9/$
RedirectMatch 410 ^/kollektory_grebenki_komplektuyushchie/kollektory_i_grebenki/uponor-ppm-1-q-e-s-s-50-4kh16/$
RedirectMatch 410 ^/kollektory_grebenki_komplektuyushchie/kollektory_i_grebenki/vr-s-3-otvodami-tr-far-fk-3869-3412/$
RedirectMatch 410 ^/kollektory_grebenki_komplektuyushchie/kollektory_i_grebenki/watts-industries-hkv-a-6/$
RedirectMatch 410 ^/kollektory_grebenki_komplektuyushchie/kollektory_i_grebenki/zapornyy-balansirovochnyy-khromirovannyy-modulnyy-kollektor-far-nr-vr-1-1-2-quot-3/$
RedirectMatch 410 ^/konvektory/aeg/seriya_aeg_sk/$
RedirectMatch 410 ^/konvektory/alpine_air/_alpine_air_ac/$
RedirectMatch 410 ^/konvektory/elektricheskiye/nastennyye/_i_stiebel_eltron_cns_300_s/$
RedirectMatch 410 ^/konvektory/elektricheskiye/stiebel_eltron/seriya_cfk/$
RedirectMatch 410 ^/konvektory/gazovyye/nastennyye/alpine_air/seriya_alpine_air_ngs/$
RedirectMatch 410 ^/konvektory/italkero/seriya_falo/$
RedirectMatch 410 ^/konvektory/minib/_coil_pt4/$
RedirectMatch 410 ^/konvektory/minib/_coil_t60/$
RedirectMatch 410 ^/konvektory/minib/_coil_t80/$
RedirectMatch 410 ^/konvektory/minib/seriya_coil_ko2/$
RedirectMatch 410 ^/konvektory/minib/seriya_coil_pt80/$
RedirectMatch 410 ^/konvektory/s_pultom/$
RedirectMatch 410 ^/konvektory/vodyanyye/eva/_kg80/$
RedirectMatch 410 ^/konvektory/vodyanyye/eva/seriya_kb/$
RedirectMatch 410 ^/konvektory/vodyanyye/minib/seriya_coil_hc/$
RedirectMatch 410 ^/konvektory/vodyanyye/minib/seriya_coil_ko2/$
RedirectMatch 410 ^/konvektory/vodyanyye/minib/seriya_coil_mo/$
RedirectMatch 410 ^/konvektory/vodyanyye/minib/seriya_coil_pmw125/$
RedirectMatch 410 ^/konvektory/vodyanyye/minib/seriya_coil_po/$
RedirectMatch 410 ^/konvektory/vodyanyye/minib/seriya_coil_pt4/$
RedirectMatch 410 ^/konvektory/vodyanyye/minib/seriya_coil_pt80/$
RedirectMatch 410 ^/konvektory/vodyanyye/nastennyye/eva-kn2-3-1700/$
RedirectMatch 410 ^/konvektory/vodyanyye/vnutripolnyye/_i_i_radox_rcf_1913_2250cn/$
RedirectMatch 410 ^/konvektory/vodyanyye/vnutripolnyye/_i_i_radox_rcf_1970_1500stl/$
RedirectMatch 410 ^/konvektory/vodyanyye/vnutripolnyye/_i_i_radox_rcf_1990_1250stl/$
RedirectMatch 410 ^/konvektory/vodyanyye/vnutripolnyye/_i_i_radox_rcf_2611_2500cn/$
RedirectMatch 410 ^/konvektory/vodyanyye/vnutripolnyye/_i_i_radox_rcf_2613_1250cn/$
RedirectMatch 410 ^/konvektory/vodyanyye/vnutripolnyye/_i_i_radox_rcf_2670_1250cn/$
RedirectMatch 410 ^/konvektory/vodyanyye/vnutripolnyye/_i_i_radox_rcf_2690_1750stl/$
RedirectMatch 410 ^/konvektory/vodyanyye/vnutripolnyye/_i_i_radox_rcf_3313_0900cn/$
RedirectMatch 410 ^/konvektory/vodyanyye/vnutripolnyye/_i_i_radox_rcf_3313_1500cn/$
RedirectMatch 410 ^/konvektory/vodyanyye/vnutripolnyye/_i_i_radox_rcf_3313_2250stl/$
RedirectMatch 410 ^/konvektory/vodyanyye/vnutripolnyye/_i_i_radox_rcf_3390_2250cn/$
RedirectMatch 410 ^/konvektory/vodyanyye/vnutripolnyye/_i_i_radox_rcf_4111_1750stl/$
RedirectMatch 410 ^/konvektory/vodyanyye/vnutripolnyye/_i_i_radox_rcf_4111_2000cn/$
RedirectMatch 410 ^/konvektory/vodyanyye/vnutripolnyye/_i_i_radox_rcf_4190_1500stl/$
RedirectMatch 410 ^/konvektory/vodyanyye/vnutripolnyye/_i_i_radox_rcf_4190_3000cn/$
RedirectMatch 410 ^/konvektory/vodyanyye/vnutripolnyye/_i_i_radox_rcn_1411_1500cn/$
RedirectMatch 410 ^/konvektory/vodyanyye/vnutripolnyye/_i_i_radox_rcn_1411_1750stl/$
RedirectMatch 410 ^/konvektory/vodyanyye/vnutripolnyye/_i_i_radox_rcn_1411_3000cn/$
RedirectMatch 410 ^/konvektory/vodyanyye/vnutripolnyye/_i_i_radox_rcn_1413_1750stl/$
RedirectMatch 410 ^/konvektory/vodyanyye/vnutripolnyye/_i_i_radox_rcn_1413_2000cn/$
RedirectMatch 410 ^/konvektory/vodyanyye/vnutripolnyye/_i_i_radox_rcn_1413_2000stl/$
RedirectMatch 410 ^/konvektory/vodyanyye/vnutripolnyye/_i_i_radox_rcn_1413_2500cn/$
RedirectMatch 410 ^/konvektory/vodyanyye/vnutripolnyye/_i_i_radox_rcn_1413_3000stl/$
RedirectMatch 410 ^/konvektory/vodyanyye/vnutripolnyye/_i_i_radox_rcn_1490_3000cn/$
RedirectMatch 410 ^/konvektory/vodyanyye/vnutripolnyye/_i_i_radox_rcn_1911_0900stl/$
RedirectMatch 410 ^/konvektory/vodyanyye/vnutripolnyye/_i_i_radox_rcn_1913_0900cn/$
RedirectMatch 410 ^/konvektory/vodyanyye/vnutripolnyye/_i_i_radox_rcn_1913_1000stl/$
RedirectMatch 410 ^/konvektory/vodyanyye/vnutripolnyye/_i_i_radox_rcn_1913_1250stl/$
RedirectMatch 410 ^/konvektory/vodyanyye/vnutripolnyye/_i_i_radox_rcn_1970_1500stl/$
RedirectMatch 410 ^/konvektory/vodyanyye/vnutripolnyye/_i_i_radox_rcn_2611_1000stl/$
RedirectMatch 410 ^/konvektory/vodyanyye/vnutripolnyye/_i_i_radox_rcn_2613_1500cn/$
RedirectMatch 410 ^/konvektory/vodyanyye/vnutripolnyye/_i_i_radox_rcn_2613_2000stl/$
RedirectMatch 410 ^/konvektory/vodyanyye/vnutripolnyye/_i_i_radox_rcn_2613_3000cn/$
RedirectMatch 410 ^/konvektory/vodyanyye/vnutripolnyye/_i_i_radox_rcn_2670_1250stl/$
RedirectMatch 410 ^/konvektory/vodyanyye/vnutripolnyye/_i_i_radox_rcn_2690_3000cn/$
RedirectMatch 410 ^/konvektory/vodyanyye/vnutripolnyye/_i_i_radox_rcn_3313_0900cn/$
RedirectMatch 410 ^/konvektory/vodyanyye/vnutripolnyye/_i_i_radox_rcn_3370_2000stl/$
RedirectMatch 410 ^/konvektory/vodyanyye/vnutripolnyye/_i_i_radox_rcn_4111_1500stl/$
RedirectMatch 410 ^/konvektory/vodyanyye/vnutripolnyye/_i_i_radox_rcn_4113_1500stl/$
RedirectMatch 410 ^/konvektory/vodyanyye/vnutripolnyye/_i_i_radox_rcn_4113_2250cn/$
RedirectMatch 410 ^/konvektory/vodyanyye/vnutripolnyye/_i_i_radox_rcn_4170_1000cn/$
RedirectMatch 410 ^/konvektory/vodyanyye/vnutripolnyye/_i_i_radox_rcn_4170_1500cn/$
RedirectMatch 410 ^/konvektory/vodyanyye/vnutripolnyye/_i_i_radox_rcn_4190_1750cn/$
RedirectMatch 410 ^/konvektory/vodyanyye/vnutripolnyye/eva-eva-kg80-1750-bez-ventilyatora/$
RedirectMatch 410 ^/konvektory/vodyanyye/vnutripolnyye/eva-eva-kgb-2500-s-tangentsialnym-ventilyatorom/$
RedirectMatch 410 ^/konvektory/vodyanyye/vnutripolnyye/minib/_coil_ko2/$
RedirectMatch 410 ^/konvektory/vodyanyye/vnutripolnyye/minib/_coil_kt110/$
RedirectMatch 410 ^/konvektory/vodyanyye/vnutripolnyye/minib/_coil_mo/$
RedirectMatch 410 ^/konvektory/vodyanyye/vnutripolnyye/minib/_coil_p80/$
RedirectMatch 410 ^/konvektory/vodyanyye/vnutripolnyye/minib/_coil_pt105/$
RedirectMatch 410 ^/konvektory/vodyanyye/vnutripolnyye/minib/_coil_pt180/$
RedirectMatch 410 ^/konvektory/vodyanyye/vnutripolnyye/minib/_coil_t60/$
RedirectMatch 410 ^/konvektory/vodyanyye/vnutripolnyye/minib/seriya_coil_po/$
RedirectMatch 410 ^/konvektory/vodyanyye/vnutripolnyye/minib/seriya_coil_pt105/$
RedirectMatch 410 ^/konvektory/vodyanyye/vnutripolnyye/minib/seriya_coil_t60/$
RedirectMatch 410 ^/konvektory/vodyanyye/vnutripolnyye/minib-coil-ko2-2000-s-tangentsialnym-ventilyatorom/$
RedirectMatch 410 ^/konvektory/vodyanyye/vnutripolnyye/minib-coil-kt2-1000-s-tangentsialnym-ventilyatorom/$
RedirectMatch 410 ^/konvektory/vodyanyye/vnutripolnyye/minib-coil-mt-900-s-tangentsialnym-ventilyatorom/$
RedirectMatch 410 ^/konvektory/vodyanyye/vnutripolnyye/minib-coil-pmw165-1750-bez-ventilyatora/$
RedirectMatch 410 ^/konvektory/vodyanyye/vnutripolnyye/minib-coil-pmw205-1000-bez-ventilyatora/$
RedirectMatch 410 ^/konvektory/vodyanyye/vnutripolnyye/minib-coil-pmw90-2000-bez-ventilyatora/$
RedirectMatch 410 ^/konvektory/vodyanyye/vnutripolnyye/minib-coil-po-1250-bez-ventilyatora/$
RedirectMatch 410 ^/konvektory/vodyanyye/vnutripolnyye/minib-coil-pt105-2000-bez-ventilyatora/$
RedirectMatch 410 ^/konvektory/vodyanyye/vnutripolnyye/minib-coil-pt105-900-bez-ventilyatora/$
RedirectMatch 410 ^/nasosy/avtomatika_upravleniya_nasosami/wilo-sk-ffs-2-110-220a-1-4-0-9a/$
RedirectMatch 410 ^/nasosy/pedrollo/seriya_pedrollo_4block/$
RedirectMatch 410 ^/nasosy/pedrollo/seriya_pq_3000/$
RedirectMatch 410 ^/nasosy/pogruzhnyye/drenazhnyye/gryaznaya/$
RedirectMatch 410 ^/nasosy/pogruzhnyye/drenazhnyye/pedrollo/seriya_pedrollo_top/$
RedirectMatch 410 ^/nasosy/pogruzhnyye/drenazhnyye/wilo/gryaznaya/bytovoy/elektronnyy_zashchita_ot_sukhogo_khoda/220v/$
RedirectMatch 410 ^/nasosy/pogruzhnyye/fekalnyye/pogruzhnoy-nasos-dlya-otvoda-stochnykh-vod-wilo-drain-mtc-32-f-55-13-66-ex/$
RedirectMatch 410 ^/nasosy/pogruzhnyye/fekalnyye/pogruzhnoy-nasos-dlya-stochnykh-vod-wilo-drain-tp-100-e-210-32/$
RedirectMatch 410 ^/nasosy/pogruzhnyye/fekalnyye/pogruzhnoy-nasos-dlya-stochnykh-vod-wilo-drain-tp-65-f-91-11-a-dm/$
RedirectMatch 410 ^/nasosy/pogruzhnyye/kolodeznyye/pedrollo/seriya_pedrollo_nk/$
RedirectMatch 410 ^/nasosy/pogruzhnyye/kolodeznyye/pedrollo-nk-4-4/$
RedirectMatch 410 ^/nasosy/pogruzhnyye/skvazhinnyye/neptun/$
RedirectMatch 410 ^/nasosy/pogruzhnyye/skvazhinnyye/pedrollo/_pedrollo_4block/$
RedirectMatch 410 ^/nasosy/pogruzhnyye/skvazhinnyye/pogruzhnoy-skvazhinnyy-nasos-grundfos-sq-3-105/$
RedirectMatch 410 ^/nasosy/pogruzhnyye/skvazhinnyye/pogruzhnoy-skvazhinnyy-nasos-grundfos-sq-7-15/$
RedirectMatch 410 ^/nasosy/pogruzhnyye/skvazhinnyye/pogruzhnoy-skvazhinnyy-nasos-grundfos-sq-7-30/$
RedirectMatch 410 ^/nasosy/pogruzhnyye/skvazhinnyye/skvazhinnyy-nasos-pedrollo-4blockm-6-6/$
RedirectMatch 410 ^/nasosy/pogruzhnyye/vikhrevoy/$
RedirectMatch 410 ^/nasosy/poverkhnostnyye/beretta/seriya_beretta_prinadlezhnosti_dlya_gidravlicheskikh_podklyucheniy/$
RedirectMatch 410 ^/nasosy/poverkhnostnyye/kanalizatsionnyye_ustanovki/nasos-izmelchitel-sfa-saniacess-2/$
RedirectMatch 410 ^/nasosy/poverkhnostnyye/kanalizatsionnyye_ustanovki/sfa/seriya_sfa_sanitop/$
RedirectMatch 410 ^/nasosy/poverkhnostnyye/nasosnyye_stantsii/acv/$
RedirectMatch 410 ^/nasosy/poverkhnostnyye/nasosnyye_stantsii/co-2-mvi-7002-sk-ffs-s-r/$
RedirectMatch 410 ^/nasosy/poverkhnostnyye/nasosnyye_stantsii/monoblochnaya-nasosnaya-stantsiya-dlya-pozharotusheniya-co-2-mvi-1605-sk-ffs-s-r/$
RedirectMatch 410 ^/nasosy/poverkhnostnyye/nasosnyye_stantsii/monoblochnaya-nasosnaya-stantsiya-dlya-pozharotusheniya-co-2-mvi-1607-sk-ffs-s-r/$
RedirectMatch 410 ^/nasosy/poverkhnostnyye/nasosnyye_stantsii/monoblochnaya-nasosnaya-stantsiya-dlya-pozharotusheniya-co-2-mvi-1608-6-sk-ffs-d-eb-r/$
RedirectMatch 410 ^/nasosy/poverkhnostnyye/nasosnyye_stantsii/monoblochnaya-nasosnaya-stantsiya-dlya-pozharotusheniya-co-2-mvi-1610-6-sk-ffs-s-r/$
RedirectMatch 410 ^/nasosy/poverkhnostnyye/nasosnyye_stantsii/monoblochnaya-nasosnaya-stantsiya-dlya-pozharotusheniya-co-2-mvi-7003-2-sk-ffs-d-r/$
RedirectMatch 410 ^/nasosy/poverkhnostnyye/nasosnyye_stantsii/monoblochnaya-nasosnaya-stantsiya-dlya-pozharotusheniya-co-2-mvi-7005-sk-ffs-d-r/$
RedirectMatch 410 ^/nasosy/poverkhnostnyye/nasosnyye_stantsii/monoblochnaya-nasosnaya-stantsiya-dlya-pozharotusheniya-co-2-mvi-811-sk-ffs-s-r/$
RedirectMatch 410 ^/nasosy/poverkhnostnyye/nasosnyye_stantsii/monoblochnaya-nasosnaya-stantsiya-dlya-pozharotusheniya-co-2-mvi-9503-sk-ffs-s-r/$
RedirectMatch 410 ^/nasosy/poverkhnostnyye/nasosnyye_stantsii/monoblochnaya-nasosnaya-stantsiya-dlya-pozharotusheniya-wilo-co-2-bl-50-220-18-5-2-sk-ffs-d-r/$
RedirectMatch 410 ^/nasosy/poverkhnostnyye/nasosnyye_stantsii/monoblochnaya-nasosnaya-stantsiya-dlya-pozharotusheniya-wilo-co-2-bl-50-260-37-2-sk-ffs-d-r/$
RedirectMatch 410 ^/nasosy/poverkhnostnyye/nasosnyye_stantsii/monoblochnaya-nasosnaya-stantsiya-dlya-pozharotusheniya-wilo-co-2-bl-80-270-11-4-sk-ffs-d-r/$
RedirectMatch 410 ^/nasosy/poverkhnostnyye/nasosnyye_stantsii/monoblochnaya-nasosnaya-stantsiya-dlya-pozharotusheniya-wilo-co-2-mvi-1607-6-sk-ffs-d-r/$
RedirectMatch 410 ^/nasosy/poverkhnostnyye/nasosnyye_stantsii/monoblochnaya-nasosnaya-stantsiya-dlya-pozharotusheniya-wilo-co-2-mvi-1608-6-sk-ffs-s-eb-r/$
RedirectMatch 410 ^/nasosy/poverkhnostnyye/nasosnyye_stantsii/neptun/$
RedirectMatch 410 ^/nasosy/poverkhnostnyye/nasosnyye_stantsii/s_symovsasyvaniem/tsentrobezhnyy/220v/$
RedirectMatch 410 ^/nasosy/poverkhnostnyye/nasosnyye_stantsii/ustanovka-vodosnabzheniya-wilo-economy-co-1-mvi-7002-er-pn16/$
RedirectMatch 410 ^/nasosy/poverkhnostnyye/nasosnyye_stantsii/wilo-co-2-mvi-1603-sk-ffs-d-r/$
RedirectMatch 410 ^/nasosy/poverkhnostnyye/nasosnyye_stantsii/wilo-economy-co-1-mvi-7006-2-er-pn25/$
RedirectMatch 410 ^/nasosy/poverkhnostnyye/nasosnyye_stantsii/wilo-economy-co-1-mvis-804-er-pn10/$
RedirectMatch 410 ^/nasosy/poverkhnostnyye/sfa/_sfa_sanicompact/$
RedirectMatch 410 ^/nasosy/poverkhnostnyye/sfa/_sfa_saniplus/$
RedirectMatch 410 ^/nasosy/poverkhnostnyye/sfa/seriya_sfa_sanibest/$
RedirectMatch 410 ^/nasosy/poverkhnostnyye/sfa/seriya_sfa_saniplus/$
RedirectMatch 410 ^/nasosy/poverkhnostnyye/sfa/seriya_sfa_sanivite/$
RedirectMatch 410 ^/nasosy/poverkhnostnyye/tsirkulyatsionnyye/grundfos-alpha2-l-25-4039099/$
RedirectMatch 410 ^/nasosy/poverkhnostnyye/tsirkulyatsionnyye/grundfos-ups-25-40-180-230v/$
RedirectMatch 410 ^/nasosy/poverkhnostnyye/tsirkulyatsionnyye/pedrollo_cp_160b/$
RedirectMatch 410 ^/nasosy/poverkhnostnyye/tsirkulyatsionnyye/sfa/$
RedirectMatch 410 ^/nasosy/poverkhnostnyye/tsirkulyatsionnyye/tsirkulyatsionnyy-nasos-grundfos-ups-20-40-130/$
RedirectMatch 410 ^/nasosy/poverkhnostnyye/tsirkulyatsionnyye/tsirkulyatsionnyy-nasos-grundfos-ups-40-50-f/$
RedirectMatch 410 ^/nasosy/poverkhnostnyye/tsirkulyatsionnyye/tsirkulyatsionnyy-nasos-wilo-cronobloc-bl-50-120-3-2/$
RedirectMatch 410 ^/nasosy/poverkhnostnyye/tsirkulyatsionnyye/tsirkulyatsionnyy-nasos-wilo-cronobloc-bl-65-160-11-2/$
RedirectMatch 410 ^/nasosy/poverkhnostnyye/tsirkulyatsionnyye/tsirkulyatsionnyy-nasos-wilo-cronoline-il-250-390-90-4/$
RedirectMatch 410 ^/nasosy/poverkhnostnyye/tsirkulyatsionnyye/tsirkulyatsionnyy-nasos-wilo-cronoline-il-65-170-11-2/$
RedirectMatch 410 ^/nasosy/poverkhnostnyye/tsirkulyatsionnyye/tsirkulyatsionnyy-nasos-wilo-cronoline-il-80-210-3-4/$
RedirectMatch 410 ^/nasosy/poverkhnostnyye/tsirkulyatsionnyye/tsirkulyatsionnyy-nasos-wilo-crononorm-nl-150-200-18-5-4-12/$
RedirectMatch 410 ^/nasosy/poverkhnostnyye/tsirkulyatsionnyye/tsirkulyatsionnyy-nasos-wilo-crononorm-nl-150-200-9-4-12/$
RedirectMatch 410 ^/nasosy/poverkhnostnyye/tsirkulyatsionnyye/tsirkulyatsionnyy-nasos-wilo-crononorm-nl-150-250-15-4-12/$
RedirectMatch 410 ^/nasosy/poverkhnostnyye/tsirkulyatsionnyye/tsirkulyatsionnyy-nasos-wilo-crononorm-nl-150-250-18-5-4-12/$
RedirectMatch 410 ^/nasosy/poverkhnostnyye/tsirkulyatsionnyye/tsirkulyatsionnyy-nasos-wilo-crononorm-nl-150-315-55-4-05/$
RedirectMatch 410 ^/nasosy/poverkhnostnyye/tsirkulyatsionnyye/tsirkulyatsionnyy-nasos-wilo-cronotwin-dl-100-145-1-1-4/$
RedirectMatch 410 ^/nasosy/poverkhnostnyye/tsirkulyatsionnyye/tsirkulyatsionnyy-nasos-wilo-cronotwin-dl-100-200-4-4/$
RedirectMatch 410 ^/nasosy/poverkhnostnyye/tsirkulyatsionnyye/tsirkulyatsionnyy-nasos-wilo-cronotwin-dl-125-190-4-4/$
RedirectMatch 410 ^/nasosy/poverkhnostnyye/tsirkulyatsionnyye/tsirkulyatsionnyy-nasos-wilo-cronotwin-dl-150-190-5-5-4/$
RedirectMatch 410 ^/nasosy/poverkhnostnyye/tsirkulyatsionnyye/tsirkulyatsionnyy-nasos-wilo-cronotwin-dl-150-300-30-4/$
RedirectMatch 410 ^/nasosy/poverkhnostnyye/tsirkulyatsionnyye/tsirkulyatsionnyy-nasos-wilo-cronotwin-dl-65-160-5-5-2/$
RedirectMatch 410 ^/nasosy/poverkhnostnyye/tsirkulyatsionnyye/tsirkulyatsionnyy-nasos-wilo-star-rs-30-4-s-gaykami/$
RedirectMatch 410 ^/nasosy/poverkhnostnyye/tsirkulyatsionnyye/tsirkulyatsionnyy-nasos-wilo-star-stg-25-7/$
RedirectMatch 410 ^/nasosy/poverkhnostnyye/tsirkulyatsionnyye/tsirkulyatsionnyy-nasos-wilo-star-stg-25-8/$
RedirectMatch 410 ^/nasosy/poverkhnostnyye/tsirkulyatsionnyye/tsirkulyatsionnyy-nasos-wilo-top-s-40-15-em-pn-6-10/$
RedirectMatch 410 ^/nasosy/poverkhnostnyye/tsirkulyatsionnyye/tsirkulyatsionnyy-nasos-wilo-top-s-50-7-em-pn-6-10/$
RedirectMatch 410 ^/nasosy/poverkhnostnyye/tsirkulyatsionnyye/tsirkulyatsionnyy-nasos-wilo-top-s-80-10-dm-pn6/$
RedirectMatch 410 ^/nasosy/poverkhnostnyye/tsirkulyatsionnyye/tsirkulyatsionnyy-nasos-wilo-veroline-ip-e-40-115-0-55-2-r1/$
RedirectMatch 410 ^/nasosy/poverkhnostnyye/tsirkulyatsionnyye/tsirkulyatsionnyy-nasos-wilo-veroline-ip-e-50-140-3-2-r1/$
RedirectMatch 410 ^/nasosy/poverkhnostnyye/tsirkulyatsionnyye/tsirkulyatsionnyy-nasos-wilo-veroline-iph-o-65-160-1-1-4/$
RedirectMatch 410 ^/nasosy/poverkhnostnyye/tsirkulyatsionnyye/tsirkulyatsionnyy-nasos-wilo-veroline-iph-o-80-140-1-1-4/$
RedirectMatch 410 ^/nasosy/poverkhnostnyye/tsirkulyatsionnyye/tsirkulyatsionnyy-nasos-wilo-veroline-ipl-40-150-3-2/$
RedirectMatch 410 ^/nasosy/poverkhnostnyye/tsirkulyatsionnyye/tsirkulyatsionnyy-nasos-wilo-veroline-ipl-50-120-1-5-2/$
RedirectMatch 410 ^/nasosy/poverkhnostnyye/tsirkulyatsionnyye/tsirkulyatsionnyy-nasos-wilo-veroline-ip-z-25-2-em/$
RedirectMatch 410 ^/nasosy/poverkhnostnyye/tsirkulyatsionnyye/tsirkulyatsionnyy-nasos-wilo-verotwin-dp-e-40-150-3-2-r1/$
RedirectMatch 410 ^/nasosy/poverkhnostnyye/tsirkulyatsionnyye/tsirkulyatsionnyy-nasos-wilo-verotwin-dpl-40-115-0-55-2/$
RedirectMatch 410 ^/nasosy/poverkhnostnyye/tsirkulyatsionnyye/tsirkulyatsionnyy-nasos-wilo-verotwin-dpl-40-120-1-5-2/$
RedirectMatch 410 ^/nasosy/poverkhnostnyye/tsirkulyatsionnyye/tsirkulyatsionnyy-nasos-wilo-verotwin-dpl-50-130-2-2-2/$
RedirectMatch 410 ^/nasosy/poverkhnostnyye/tsirkulyatsionnyye/tsirkulyatsionnyy-nasos-wilo-verotwin-dpl-50-175-7-5-2/$
RedirectMatch 410 ^/nasosy/poverkhnostnyye/tsirkulyatsionnyye/wilo-cronobloc-bl-100-180-4-4/$
RedirectMatch 410 ^/nasosy/poverkhnostnyye/tsirkulyatsionnyye/wilo-cronobloc-bl-100-200-5-5-4/$
RedirectMatch 410 ^/nasosy/poverkhnostnyye/tsirkulyatsionnyye/wilo-cronobloc-bl-32-210-1-1-4/$
RedirectMatch 410 ^/nasosy/poverkhnostnyye/tsirkulyatsionnyye/wilo-cronobloc-bl-40-130-3-2/$
RedirectMatch 410 ^/nasosy/poverkhnostnyye/tsirkulyatsionnyye/wilo-cronobloc-bl-40-220-11-2/$
RedirectMatch 410 ^/nasosy/poverkhnostnyye/tsirkulyatsionnyye/wilo-cronobloc-bl-50-170-11-2/$
RedirectMatch 410 ^/nasosy/poverkhnostnyye/tsirkulyatsionnyye/wilo-cronobloc-bl-50-220-22-2/$
RedirectMatch 410 ^/nasosy/poverkhnostnyye/tsirkulyatsionnyye/wilo-cronobloc-bl-50-250-4-4/$
RedirectMatch 410 ^/nasosy/poverkhnostnyye/tsirkulyatsionnyye/wilo-cronobloc-bl-65-220-4-4/$
RedirectMatch 410 ^/nasosy/poverkhnostnyye/tsirkulyatsionnyye/wilo-cronobloc-bl-80-200-30-2/$
RedirectMatch 410 ^/nasosy/poverkhnostnyye/tsirkulyatsionnyye/wilo-cronoline-il-100-145-11-2/$
RedirectMatch 410 ^/nasosy/poverkhnostnyye/tsirkulyatsionnyye/wilo-cronoline-il-100-160-2-2-4/$
RedirectMatch 410 ^/nasosy/poverkhnostnyye/tsirkulyatsionnyye/wilo-cronoline-il-125-210-5-5-4/$
RedirectMatch 410 ^/nasosy/poverkhnostnyye/tsirkulyatsionnyye/wilo-cronoline-il-250-480-160-4/$
RedirectMatch 410 ^/nasosy/poverkhnostnyye/tsirkulyatsionnyye/wilo-cronoline-il-50-220-2-2-4/$
RedirectMatch 410 ^/nasosy/poverkhnostnyye/tsirkulyatsionnyye/wilo-cronoline-il-50-260-3-4/$
RedirectMatch 410 ^/nasosy/poverkhnostnyye/tsirkulyatsionnyye/wilo-cronoline-il-80-190-15-2/$
RedirectMatch 410 ^/nasosy/poverkhnostnyye/tsirkulyatsionnyye/wilo-crononorm-nl-150-200-9-4-05/$
RedirectMatch 410 ^/nasosy/poverkhnostnyye/tsirkulyatsionnyye/wilo-crononorm-nl-150-315-45-4-05/$
RedirectMatch 410 ^/nasosy/poverkhnostnyye/tsirkulyatsionnyye/wilo-cronotwin-dl-100-165-22-2/$
RedirectMatch 410 ^/nasosy/poverkhnostnyye/tsirkulyatsionnyye/wilo-cronotwin-dl-100-170-30-2/$
RedirectMatch 410 ^/nasosy/poverkhnostnyye/tsirkulyatsionnyye/wilo-cronotwin-dl-100-190-30-2/$
RedirectMatch 410 ^/nasosy/poverkhnostnyye/tsirkulyatsionnyye/wilo-cronotwin-dl-100-220-5-5-4/$
RedirectMatch 410 ^/nasosy/poverkhnostnyye/tsirkulyatsionnyye/wilo-cronotwin-dl-125-190-4-4/$
RedirectMatch 410 ^/nasosy/poverkhnostnyye/tsirkulyatsionnyye/wilo-cronotwin-dl-150-270-18-5-4/$
RedirectMatch 410 ^/nasosy/poverkhnostnyye/tsirkulyatsionnyye/wilo-cronotwin-dl-150-270-22-4/$
RedirectMatch 410 ^/nasosy/poverkhnostnyye/tsirkulyatsionnyye/wilo-cronotwin-dl-150-340-37-4/$
RedirectMatch 410 ^/nasosy/poverkhnostnyye/tsirkulyatsionnyye/wilo-cronotwin-dl-32-160-3-2/$
RedirectMatch 410 ^/nasosy/poverkhnostnyye/tsirkulyatsionnyye/wilo-cronotwin-dl-40-150-0-37-4/$
RedirectMatch 410 ^/nasosy/poverkhnostnyye/tsirkulyatsionnyye/wilo-cronotwin-dl-40-160-0-55-4/$
RedirectMatch 410 ^/nasosy/poverkhnostnyye/tsirkulyatsionnyye/wilo-cronotwin-dl-40-200-7-5-2/$
RedirectMatch 410 ^/nasosy/poverkhnostnyye/tsirkulyatsionnyye/wilo-cronotwin-dl-40-210-1-1-4/$
RedirectMatch 410 ^/nasosy/poverkhnostnyye/tsirkulyatsionnyye/wilo-cronotwin-dl-50-170-5-5-2/$
RedirectMatch 410 ^/nasosy/poverkhnostnyye/tsirkulyatsionnyye/wilo-cronotwin-dl-50-210-11-2/$
RedirectMatch 410 ^/nasosy/poverkhnostnyye/tsirkulyatsionnyye/wilo-cronotwin-dl-50-220-15-2/$
RedirectMatch 410 ^/nasosy/poverkhnostnyye/tsirkulyatsionnyye/wilo-cronotwin-dl-65-150-5-5-2/$
RedirectMatch 410 ^/nasosy/poverkhnostnyye/tsirkulyatsionnyye/wilo-cronotwin-dl-65-160-7-5-2/$
RedirectMatch 410 ^/nasosy/poverkhnostnyye/tsirkulyatsionnyye/wilo-cronotwin-dl-65-220-2-2-4/$
RedirectMatch 410 ^/nasosy/poverkhnostnyye/tsirkulyatsionnyye/wilo-cronotwin-dl-65-270-5-5-4/$
RedirectMatch 410 ^/nasosy/poverkhnostnyye/tsirkulyatsionnyye/wilo-cronotwin-dl-80-200-18-5-2/$
RedirectMatch 410 ^/nasosy/poverkhnostnyye/tsirkulyatsionnyye/wilo-cronotwin-dl-80-270-5-5-4/$
RedirectMatch 410 ^/nasosy/poverkhnostnyye/tsirkulyatsionnyye/wilo-star-rs-25-4-130/$
RedirectMatch 410 ^/nasosy/poverkhnostnyye/tsirkulyatsionnyye/wilo-stratos-100-1-12-pn6/$
RedirectMatch 410 ^/nasosy/poverkhnostnyye/tsirkulyatsionnyye/wilo-stratos-z-30-1-8-rg/$
RedirectMatch 410 ^/nasosy/poverkhnostnyye/tsirkulyatsionnyye/wilo-top-s-80-10-dm-pn6/$
RedirectMatch 410 ^/nasosy/poverkhnostnyye/tsirkulyatsionnyye/wilo-top-s-80-7-dm-pn6/$
RedirectMatch 410 ^/nasosy/poverkhnostnyye/tsirkulyatsionnyye/wilo-veroline-iph-o-80-140-1-1-4/$
RedirectMatch 410 ^/nasosy/poverkhnostnyye/tsirkulyatsionnyye/wilo-veroline-iph-w-32-125-0-18-4/$
RedirectMatch 410 ^/nasosy/poverkhnostnyye/tsirkulyatsionnyye/wilo-veroline-iph-w-80-110-2-2-2/$
RedirectMatch 410 ^/nasosy/poverkhnostnyye/tsirkulyatsionnyye/wilo-veroline-ipl-25-80-0-12-2/$
RedirectMatch 410 ^/nasosy/poverkhnostnyye/tsirkulyatsionnyye/wilo-veroline-ipl-40-130-0-25-4/$
RedirectMatch 410 ^/nasosy/poverkhnostnyye/tsirkulyatsionnyye/wilo-veroline-ipl-40-165-4-2/$
RedirectMatch 410 ^/nasosy/poverkhnostnyye/tsirkulyatsionnyye/wilo-veroline-ip-z-25-2-dm/$
RedirectMatch 410 ^/nasosy/poverkhnostnyye/tsirkulyatsionnyye/wilo-verotwin-dpl-40-160-0-37-4/$
RedirectMatch 410 ^/nasosy/poverkhnostnyye/wilo/_wilo_comfort_n_vario_cor_1_mvise_ge/$
RedirectMatch 410 ^/nasosy/poverkhnostnyye/wilo/_wilo_comfort_vario_cor_1_mvie_vr/$
RedirectMatch 410 ^/nasosy/poverkhnostnyye/wilo/_wilo_cronotwin_dl_e/$
RedirectMatch 410 ^/nasosy/poverkhnostnyye/wilo/_wilo_drainlift_s/$
RedirectMatch 410 ^/nasosy/poverkhnostnyye/wilo/_wilo_jet_fwj/$
RedirectMatch 410 ^/nasosy/poverkhnostnyye/wilo/_wilo_multipress_fmp/$
RedirectMatch 410 ^/nasosy/poverkhnostnyye/wilo/_wilo_star_rs/$
RedirectMatch 410 ^/nasosy/poverkhnostnyye/wilo/_wilo_star_z_nova/$
RedirectMatch 410 ^/nasosy/poverkhnostnyye/wilo/_wilo_veroline_ip_z/$
RedirectMatch 410 ^/nasosy/poverkhnostnyye/wilo/_wilo_verotwin_dp_e/$
RedirectMatch 410 ^/nasosy/poverkhnostnyye/wilo/seriya_wilo_cronotwin_dl_e/$
RedirectMatch 410 ^/nasosy/poverkhnostnyye/wilo/seriya_wilo_jet_wj/$
RedirectMatch 410 ^/nasosy/poverkhnostnyye/wilo/seriya_wilo_stratos_z/$
RedirectMatch 410 ^/nasosy/sfa/seriya_sfa_saniplus/$
RedirectMatch 410 ^/nasosy/vysokoe/$
RedirectMatch 410 ^/nasosy/wilo/_wilo_star_st/$
RedirectMatch 410 ^/nasosy/wilo/_wilo_sub_twu_4/$
RedirectMatch 410 ^/nasosy/wilo/seriya_wilo_cronotwin_dl/$
RedirectMatch 410 ^/nasosy/wilo/seriya_wilo_stratos_pico/$
RedirectMatch 410 ^/obogrevateli/dizelnye_teplovye_pushki/euronord-antares-25/$
RedirectMatch 410 ^/obogrevateli/euronord/seriya_mizar/$
RedirectMatch 410 ^/obogrevateli/kroll/seriya_kroll_ma/$
RedirectMatch 410 ^/obogrevateli/stiebel_eltron/seriya_iw/$
RedirectMatch 410 ^/otopitelnyye_kotly/_g_/_/_i_i_/$
RedirectMatch 410 ^/otopitelnyye_kotly/aksessuary_i_prinadlezhnosti/_zota_15_00_2_1_2_d_13_/$
RedirectMatch 410 ^/otopitelnyye_kotly/aksessuary_i_prinadlezhnosti/_zota_35_00_j_2_1_2_d_13_/$
RedirectMatch 410 ^/otopitelnyye_kotly/aksessuary_i_prinadlezhnosti/_zota_44_00_j_2_1_2_d_13_/$
RedirectMatch 410 ^/otopitelnyye_kotly/aksessuary_i_prinadlezhnosti/_zota_6_00_2_1_2_d_7_4_/$
RedirectMatch 410 ^/otopitelnyye_kotly/aksessuary_i_prinadlezhnosti/prinadlezhnosti_dlya_gidravlicheskikh_podklyucheniy/kotla-v-teploizolyatsii-watts-industries-ksg-30-iso2-do-50-kvt/$
RedirectMatch 410 ^/otopitelnyye_kotly/aksessuary_i_prinadlezhnosti/prinadlezhnosti_dlya_sistem_dymoudaleniya_i_vozdukhozabora/udlinitelnyy-element-500-mm-s-uplotnitelnymi-prokladkami/$
RedirectMatch 410 ^/otopitelnyye_kotly/avtomatika_upravleniya_dlya_otopitelnykh_kotlov/_zota_3_27_36_/$
RedirectMatch 410 ^/otopitelnyye_kotly/avtomatika_upravleniya_dlya_otopitelnykh_kotlov/buderus_em10/$
RedirectMatch 410 ^/otopitelnyye_kotly/avtomatika_upravleniya_dlya_otopitelnykh_kotlov/buderus_fm456_kse2_ems/$
RedirectMatch 410 ^/otopitelnyye_kotly/baxi/_baxi_eco_compact/$
RedirectMatch 410 ^/otopitelnyye_kotly/baxi/_baxi_slim/$
RedirectMatch 410 ^/otopitelnyye_kotly/baxi/_luna_3/$
RedirectMatch 410 ^/otopitelnyye_kotly/baxi/seriya_baxi_fourtech/$
RedirectMatch 410 ^/otopitelnyye_kotly/beretta/_karbor/$
RedirectMatch 410 ^/otopitelnyye_kotly/beretta/_novella_e/$
RedirectMatch 410 ^/otopitelnyye_kotly/beretta/_novella_maxima_n/$
RedirectMatch 410 ^/otopitelnyye_kotly/beretta/seriya_exclusive_green/$
RedirectMatch 410 ^/otopitelnyye_kotly/buderus/_logamax_plus_gb172/$
RedirectMatch 410 ^/otopitelnyye_kotly/ctc/$
RedirectMatch 410 ^/otopitelnyye_kotly/dizelnyye/dvukhkonturnyye/acv_heat_master_200_f_riello/$
RedirectMatch 410 ^/otopitelnyye_kotly/elektricheskiye/_/_g_-_/220_/$
RedirectMatch 410 ^/otopitelnyye_kotly/elektricheskiye/_g_-_/$
RedirectMatch 410 ^/otopitelnyye_kotly/elektricheskiye/odnokonturnyye/_zota_15_smart/$
RedirectMatch 410 ^/otopitelnyye_kotly/elektricheskiye/odnokonturnyye/evan-epo-144/$
RedirectMatch 410 ^/otopitelnyye_kotly/elektricheskiye/odnokonturnyye/evan-epo-168/$
RedirectMatch 410 ^/otopitelnyye_kotly/elektricheskiye/odnokonturnyye/evan-epo-360/$
RedirectMatch 410 ^/otopitelnyye_kotly/elektricheskiye/odnokonturnyye/evan-epo-480/$
RedirectMatch 410 ^/otopitelnyye_kotly/elektricheskiye/odnokonturnyye/evan-warmos-18/$
RedirectMatch 410 ^/otopitelnyye_kotly/elektricheskiye/odnokonturnyye/evan-warmos-m-30/$
RedirectMatch 410 ^/otopitelnyye_kotly/elektricheskiye/odnokonturnyye/rusnit/seriya_rusnit_kantri/$
RedirectMatch 410 ^/otopitelnyye_kotly/elektricheskiye/odnokonturnyye/savitr-classic-star-5/$
RedirectMatch 410 ^/otopitelnyye_kotly/elektricheskiye/odnokonturnyye/savitr-star-control-18-380-v/$
RedirectMatch 410 ^/otopitelnyye_kotly/elektricheskiye/zota-_/$
RedirectMatch 410 ^/otopitelnyye_kotly/evan/seriya_professional/$
RedirectMatch 410 ^/otopitelnyye_kotly/ferroli/seriya_energy_top/$
RedirectMatch 410 ^/otopitelnyye_kotly/ferroli_sfl/$
RedirectMatch 410 ^/otopitelnyye_kotly/gazovyye/_i_/_g_/_i_i_/_/$
RedirectMatch 410 ^/otopitelnyye_kotly/gazovyye/acv/_acv_heatmaster_i_/$
RedirectMatch 410 ^/otopitelnyye_kotly/gazovyye/acv/seriya_acv_n/$
RedirectMatch 410 ^/otopitelnyye_kotly/gazovyye/baxi/_baxi_duo_tec_compact/$
RedirectMatch 410 ^/otopitelnyye_kotly/gazovyye/baxi/_baxi_slim/$
RedirectMatch 410 ^/otopitelnyye_kotly/gazovyye/baxi/_nuvola_3_comfort/$
RedirectMatch 410 ^/otopitelnyye_kotly/gazovyye/baxi/seriya_baxi_slim_ef/$
RedirectMatch 410 ^/otopitelnyye_kotly/gazovyye/beretta/_boiler/$
RedirectMatch 410 ^/otopitelnyye_kotly/gazovyye/beretta/s_boylerom/$
RedirectMatch 410 ^/otopitelnyye_kotly/gazovyye/buderus/seriya_logano_g234/$
RedirectMatch 410 ^/otopitelnyye_kotly/gazovyye/ferroli/_domina_n/$
RedirectMatch 410 ^/otopitelnyye_kotly/gazovyye/ferroli/_econcept_tech/$
RedirectMatch 410 ^/otopitelnyye_kotly/gazovyye/kiturami/seriya_kiturami_ksg/$
RedirectMatch 410 ^/otopitelnyye_kotly/gazovyye/lamborghini/lamborghini_fl/$
RedirectMatch 410 ^/otopitelnyye_kotly/gazovyye/napolnyye/dvukhkonturnyye/_/_i_/$
RedirectMatch 410 ^/otopitelnyye_kotly/gazovyye/napolnyye/odnokonturnyye/_ferroli_pegasus_f3_n_119_2s/$
RedirectMatch 410 ^/otopitelnyye_kotly/gazovyye/napolnyye/odnokonturnyye/_ferroli_pegasus_f3_n_255_2s/$
RedirectMatch 410 ^/otopitelnyye_kotly/gazovyye/napolnyye/odnokonturnyye/acv_alfa_comfort_e_85/$
RedirectMatch 410 ^/otopitelnyye_kotly/gazovyye/napolnyye/odnokonturnyye/acv_ca_900/$
RedirectMatch 410 ^/otopitelnyye_kotly/gazovyye/napolnyye/odnokonturnyye/alu-pro-power-525/$
RedirectMatch 410 ^/otopitelnyye_kotly/gazovyye/napolnyye/odnokonturnyye/buderus-logano-g334-230-ws-otd-sektsiyami/$
RedirectMatch 410 ^/otopitelnyye_kotly/gazovyye/napolnyye/odnokonturnyye/chugunnyy_gazovyy_kotel_lamborghini_gaster_n_136_aw/$
RedirectMatch 410 ^/otopitelnyye_kotly/gazovyye/napolnyye/odnokonturnyye/de_dietrich/$
RedirectMatch 410 ^/otopitelnyye_kotly/gazovyye/napolnyye/odnokonturnyye/kotel-chugunnyy-dtg-230-13-eco-nox-ii-108-kvt-v-sobr-vide/$
RedirectMatch 410 ^/otopitelnyye_kotly/gazovyye/napolnyye/odnokonturnyye/napolnyy_gazovyy_kotel_lamborghini_era_f_23/$
RedirectMatch 410 ^/otopitelnyye_kotly/gazovyye/napolnyye/odnokonturnyye/riello-tau-150-n/$
RedirectMatch 410 ^/otopitelnyye_kotly/gazovyye/napolnyye/odnokonturnyye/stalnoy_vodogreynyy_kotel_lamborghini_mega_prex_n_620/$
RedirectMatch 410 ^/otopitelnyye_kotly/gazovyye/napolnyye/odnokonturnyye/unical-modal-233/$
RedirectMatch 410 ^/otopitelnyye_kotly/gazovyye/napolnyye/odnokonturnyye/unical-trioprex-n-110/$
RedirectMatch 410 ^/otopitelnyye_kotly/gazovyye/napolnyye/odnokonturnyye/unical-trioprex-n-1600/$
RedirectMatch 410 ^/otopitelnyye_kotly/gazovyye/napolnyye/odnokonturnyye/vaillant_atmocraft_vk_int_1454_9_v_sektsiyakh/$
RedirectMatch 410 ^/otopitelnyye_kotly/gazovyye/napolnyye/odnokonturnyye/vaillant-atmocraft-vk-int-1604-9-chug-blok-v-sbore/$
RedirectMatch 410 ^/otopitelnyye_kotly/gazovyye/napolnyye/odnokonturnyye/viessmann-vitogas-100-f-gs1d882/$
RedirectMatch 410 ^/otopitelnyye_kotly/gazovyye/napolnyye/unical/_ellprex/$
RedirectMatch 410 ^/otopitelnyye_kotly/gazovyye/nastennyye/_i_/_/_i_i_/_/_/$
RedirectMatch 410 ^/otopitelnyye_kotly/gazovyye/nastennyye/baxi/_eco_four/$
RedirectMatch 410 ^/otopitelnyye_kotly/gazovyye/nastennyye/baxi/kondensatsionnye/$
RedirectMatch 410 ^/otopitelnyye_kotly/gazovyye/nastennyye/dvukhkonturnyye/_ferroli_bluehelix_pro_35c/$
RedirectMatch 410 ^/otopitelnyye_kotly/gazovyye/nastennyye/dvukhkonturnyye/baxi/seriya_nuvola3_comfort/$
RedirectMatch 410 ^/otopitelnyye_kotly/gazovyye/nastennyye/dvukhkonturnyye/baxi_eco_compact_24_f/$
RedirectMatch 410 ^/otopitelnyye_kotly/gazovyye/nastennyye/dvukhkonturnyye/baxi_nuvola_duo_tec_16/$
RedirectMatch 410 ^/otopitelnyye_kotly/gazovyye/nastennyye/dvukhkonturnyye/beretta/seriya_exclusive_green/$
RedirectMatch 410 ^/otopitelnyye_kotly/gazovyye/nastennyye/dvukhkonturnyye/ferroli/seriya_diva/$
RedirectMatch 410 ^/otopitelnyye_kotly/gazovyye/nastennyye/odnokonturnyye/baxi_eco_four_1_14f/$
RedirectMatch 410 ^/otopitelnyye_kotly/gazovyye/nastennyye/odnokonturnyye/vaillant_ecotec_plus_vu_oe_1006_5_5/$
RedirectMatch 410 ^/otopitelnyye_kotly/gazovyye/protherm/seriya_medved_tlo/$
RedirectMatch 410 ^/otopitelnyye_kotly/gazovyye/vaillant/_atmocraft/$
RedirectMatch 410 ^/otopitelnyye_kotly/kombinirovannyye/de_dietrich/_gt_120/$
RedirectMatch 410 ^/otopitelnyye_kotly/kombinirovannyye/dvukhkonturnyye/promyshlennyy_stalnoy_kotel_bizon_no_870/$
RedirectMatch 410 ^/otopitelnyye_kotly/kombinirovannyye/odnokonturnyye/_ferroli_gn4_n12/$
RedirectMatch 410 ^/otopitelnyye_kotly/kombinirovannyye/odnokonturnyye/beretta-rtt-163/$
RedirectMatch 410 ^/otopitelnyye_kotly/kombinirovannyye/odnokonturnyye/de-dietrich-gt-430-10/$
RedirectMatch 410 ^/otopitelnyye_kotly/kombinirovannyye/odnokonturnyye/viessmann_vitorond_100_63_ks4_gg/$
RedirectMatch 410 ^/otopitelnyye_kotly/lamborghini/lamborghini_fl/$
RedirectMatch 410 ^/otopitelnyye_kotly/sunsystem/_burnit_active_wbs/$
RedirectMatch 410 ^/otopitelnyye_kotly/teplovye_nasosy/viessmann-vitocal-350-a-awho-351-a14/$
RedirectMatch 410 ^/otopitelnyye_kotly/tverdotoplivnyye/odnokonturnye_tverdotoplivnye_kotly/beretta-karbor-41/$
RedirectMatch 410 ^/otopitelnyye_kotly/tverdotoplivnyye/odnokonturnye_tverdotoplivnye_kotly/beretta-karbor-58/$
RedirectMatch 410 ^/otopitelnyye_kotly/tverdotoplivnyye/odnokonturnye_tverdotoplivnye_kotly/buderus_logano_s171_40_w/$
RedirectMatch 410 ^/otopitelnyye_kotly/tverdotoplivnyye/odnokonturnye_tverdotoplivnye_kotly/buderus-logano-s121-2-26/$
RedirectMatch 410 ^/otopitelnyye_kotly/tverdotoplivnyye/odnokonturnye_tverdotoplivnye_kotly/burzhuy_k_t_400/$
RedirectMatch 410 ^/otopitelnyye_kotly/tverdotoplivnyye/odnokonturnye_tverdotoplivnye_kotly/burzhuy_k_t_800/$
RedirectMatch 410 ^/otopitelnyye_kotly/tverdotoplivnyye/odnokonturnye_tverdotoplivnye_kotly/burzhuy_k_tv_32/$
RedirectMatch 410 ^/otopitelnyye_kotly/tverdotoplivnyye/odnokonturnye_tverdotoplivnye_kotly/tverdotoplivnyy_kotyel_sunsystem_burnit_wbs_90/$
RedirectMatch 410 ^/otopitelnyye_kotly/tverdotoplivnyye_kotly/alpine_air/_alpine_air_solitherm/$
RedirectMatch 410 ^/otopitelnyye_kotly/unical/_modal/$
RedirectMatch 410 ^/otopitelnyye_kotly/viessmann/_vitorond_100/$
RedirectMatch 410 ^/otopitelnyye_kotly/zapchasti_dlya_otopitelnykh_kotlov/burzhuy_k_t_50a_colos/$
RedirectMatch 410 ^/otopitelnyye_kotly/zapchasti_dlya_otopitelnykh_kotlov/do-35-kvt-khw-714085610/$
RedirectMatch 410 ^/otopitelnyye_kotly/zota_carbon/$
RedirectMatch 410 ^/rasshiritelnye_baki_i_gidroakkumulyatory/acv/$
RedirectMatch 410 ^/rasshiritelnye_baki_i_gidroakkumulyatory/cimm/seriya_cimm_cp/$
RedirectMatch 410 ^/rasshiritelnye_baki_i_gidroakkumulyatory/dixis/$
RedirectMatch 410 ^/rasshiritelnye_baki_i_gidroakkumulyatory/gidroakkumulyatory/varem/seriya_varem_gidroakkumulyator_50_300_l/$
RedirectMatch 410 ^/rasshiritelnye_baki_i_gidroakkumulyatory/rasshiritelnye-baki/cimm/_cimm_cp/$
RedirectMatch 410 ^/rasshiritelnye_baki_i_gidroakkumulyatory/rasshiritelnye-baki/rasshiritelnyy_membrannyy_bak_reflex_de_33_1/$
RedirectMatch 410 ^/rasshiritelnye_baki_i_gidroakkumulyatory/rasshiritelnye-baki/rasshiritelnyy-bak-dzhileks-6l/$
RedirectMatch 410 ^/septiki_ochistnye_sooruzheniya/stantsii_ochistki/astra-100-midi-datchik-urovnya-poplavkovyy/$
RedirectMatch 410 ^/septiki_ochistnye_sooruzheniya/stantsii_ochistki/stantsiya-glubokoy-biologicheskoy-ochistki-skarabey-15-long/$
RedirectMatch 410 ^/septiki_ochistnye_sooruzheniya/stantsii_ochistki/stantsiya-glubokoy-biologicheskoy-ochistki-skarabey-30-long/$
RedirectMatch 410 ^/sistema_zashchity_ot_protechki_vody/akvastorozh/seriya_akvastorozh_ekspert/$
RedirectMatch 410 ^/sistema_zashchity_ot_protechki_vody/akvastorozh/seriya_akvastorozh_ekspert_radio/$
RedirectMatch 410 ^/stabilizatory/avtomaticheskiye/odnofaznyye/mega_vision_3000_ert/$
RedirectMatch 410 ^/sushilki_dlya_ruk/htt-5-ws/$
RedirectMatch 410 ^/sushilki_dlya_ruk/stiebel_eltron/seriya_hte/$
RedirectMatch 410 ^/truby_i_fitingi/fitingi/45-rehau-bez-kolets-chyern-met-25/$
RedirectMatch 410 ^/truby_i_fitingi/fitingi/amerikanki/itap-161-3-4/$
RedirectMatch 410 ^/truby_i_fitingi/fitingi/far/_far_i_pressfar/$
RedirectMatch 410 ^/truby_i_fitingi/fitingi/far-fc-8280-18/$
RedirectMatch 410 ^/truby_i_fitingi/fitingi/itap/_itap_g_i_i_152/$
RedirectMatch 410 ^/truby_i_fitingi/fitingi/itap-multi-fit-510-20kh2-0-kh3-4/$
RedirectMatch 410 ^/truby_i_fitingi/fitingi/khromirovannyy-dlya-metalloplastikovykh-trub-vr-far-fc-5061-34-220218/$
RedirectMatch 410 ^/truby_i_fitingi/fitingi/mufty/far-16kh2-25-1-2/$
RedirectMatch 410 ^/truby_i_fitingi/fitingi/mufty/far-20kh2-16kh2/$
RedirectMatch 410 ^/truby_i_fitingi/fitingi/mufty/far-25kh2-5-16kh2/$
RedirectMatch 410 ^/truby_i_fitingi/fitingi/mufty/far-25kh2-5-3-4/$
RedirectMatch 410 ^/truby_i_fitingi/fitingi/mufty/mufta-far-18kh2/$
RedirectMatch 410 ^/truby_i_fitingi/fitingi/mufty/mufta-far-20kh2/$
RedirectMatch 410 ^/truby_i_fitingi/fitingi/mufty/mufta-far-20kh2-5/$
RedirectMatch 410 ^/truby_i_fitingi/fitingi/mufty/perekhodnik-far-20kh2-1-2/$
RedirectMatch 410 ^/truby_i_fitingi/fitingi/mufty/perekhodnik-far-20kh2-25-1-2/$
RedirectMatch 410 ^/truby_i_fitingi/fitingi/mufty/perekhodnik-far-20kh2-5-3-4/$
RedirectMatch 410 ^/truby_i_fitingi/fitingi/mufty/perekhodnik-far-25kh2-5-3-4/$
RedirectMatch 410 ^/truby_i_fitingi/fitingi/mufty/perekhodnik-far-40kh3-5-1-1-4/$
RedirectMatch 410 ^/truby_i_fitingi/fitingi/mufty/tiemme-remontnaya-dlya-trub-pnd-40/$
RedirectMatch 410 ^/truby_i_fitingi/fitingi/mufty/tiemme-s-naruzhnoy-rezboy-dlya-mednykh-trub-18-x-3-4/$
RedirectMatch 410 ^/truby_i_fitingi/fitingi/mufty/uponor-wipex-s5-0-75kh6-8/$
RedirectMatch 410 ^/truby_i_fitingi/fitingi/otvody/bp-far-fc-5750-c12/$
RedirectMatch 410 ^/truby_i_fitingi/fitingi/otvody/dlya-metalloplastikovykh-trub-far-fc-5360-c12/$
RedirectMatch 410 ^/truby_i_fitingi/fitingi/otvody/far-fc-5200-1/$
RedirectMatch 410 ^/truby_i_fitingi/fitingi/otvody/far-s-perekhodom-na-vnutrennyuyu-rezbu-20kh2-1-2/$
RedirectMatch 410 ^/truby_i_fitingi/fitingi/otvody/far-s-perekhodom-na-vnutrennyuyu-rezbu-20kh2-25-1-2/$
RedirectMatch 410 ^/truby_i_fitingi/fitingi/otvody/hr-far-fc-5556-12-58190/$
RedirectMatch 410 ^/truby_i_fitingi/fitingi/otvody/nr-nr-far-fc-5563-23412/$
RedirectMatch 410 ^/truby_i_fitingi/fitingi/otvody/nr-nr-far-fc-5810-34/$
RedirectMatch 410 ^/truby_i_fitingi/fitingi/otvody/perekhodnik-s-vnutrenney-rezboy-rehau-rautitan-20-rp-3-4/$
RedirectMatch 410 ^/truby_i_fitingi/fitingi/otvody/rehau-rautitan-45-25-px/$
RedirectMatch 410 ^/truby_i_fitingi/fitingi/otvody/tiemme_nikelirovannyy_dlya_metalloplastikovykh_trub_32_x_32/$
RedirectMatch 410 ^/truby_i_fitingi/fitingi/otvody/tiemme-dlya-mednykh-trub-18-x-1-2/$
RedirectMatch 410 ^/truby_i_fitingi/fitingi/otvody/tiemme-dlya-mednykh-trub-18-x-3-4/$
RedirectMatch 410 ^/truby_i_fitingi/fitingi/otvody/tiemme-ugolnik-bb-2-kh-2/$
RedirectMatch 410 ^/truby_i_fitingi/fitingi/otvody/tiemme-ugolnik-hb-nikelirovannyy-1-kh-1/$
RedirectMatch 410 ^/truby_i_fitingi/fitingi/rehau/seriya_rehau_fiksiruyushchiy_zhelob/$
RedirectMatch 410 ^/truby_i_fitingi/fitingi/rehau-63-r-2/$
RedirectMatch 410 ^/truby_i_fitingi/fitingi/tiemme/seriya_tiemme_krestovina_nikelirovannaya_vv/$
RedirectMatch 410 ^/truby_i_fitingi/fitingi/tiemme-hb-3-4-x-3-4/$
RedirectMatch 410 ^/truby_i_fitingi/fitingi/tiemme-hh-1-2-x-150/$
RedirectMatch 410 ^/truby_i_fitingi/fitingi/tiemme-hh-1540g-1-x-70/$
RedirectMatch 410 ^/truby_i_fitingi/fitingi/tiemme-hh-1540g-3-4-x-60/$
RedirectMatch 410 ^/truby_i_fitingi/fitingi/tiemme-hh-1-kh-1-2-5-130/$
RedirectMatch 410 ^/truby_i_fitingi/fitingi/tiemme-hv-nikelirovannaya-1-1-4-x-1/$
RedirectMatch 410 ^/truby_i_fitingi/fitingi/tiemme-konicheskiy-vv-1-2-x-1-2/$
RedirectMatch 410 ^/truby_i_fitingi/fitingi/tiemme-nv-20-x-3-4/$
RedirectMatch 410 ^/truby_i_fitingi/fitingi/tiemme-nv-30-x-3-4/$
RedirectMatch 410 ^/truby_i_fitingi/fitingi/troyniki/dlya-metalloplastikovykh-trub-nr-far-fc-5511-12-80204/$
RedirectMatch 410 ^/truby_i_fitingi/fitingi/troyniki/dlya-metalloplastikovykh-trub-vr-far-fc-5461-12-80204/$
RedirectMatch 410 ^/truby_i_fitingi/fitingi/troyniki/far-16x2-20x2-25-16x2/$
RedirectMatch 410 ^/truby_i_fitingi/fitingi/troyniki/far-20x2-5-16x2-20x2-5/$
RedirectMatch 410 ^/truby_i_fitingi/fitingi/troyniki/far-26kh3-16kh2-20kh2/$
RedirectMatch 410 ^/truby_i_fitingi/fitingi/troyniki/far-26x3-16x2-16x2/$
RedirectMatch 410 ^/truby_i_fitingi/fitingi/troyniki/far-40x3-5-32x3-40x3-5/$
RedirectMatch 410 ^/truby_i_fitingi/fitingi/troyniki/far-50x4-26x3-40x3-5/$
RedirectMatch 410 ^/truby_i_fitingi/fitingi/troyniki/far-50x4-5-40x4-40x4/$
RedirectMatch 410 ^/truby_i_fitingi/fitingi/troyniki/far-s-vnutrenney-rezboy-na-tsentralnom-otvode-50kh4-1-1-2/$
RedirectMatch 410 ^/truby_i_fitingi/fitingi/troyniki/tiemme-bb-1-1-4/$
RedirectMatch 410 ^/truby_i_fitingi/fitingi/troyniki/tiemme-bb-1-x-1-2-x-1/$
RedirectMatch 410 ^/truby_i_fitingi/fitingi/troyniki/tiemme-hh-nikelirovannyy-3-4/$
RedirectMatch 410 ^/truby_i_fitingi/fitingi/troyniki/tiemme-reduktsionnyy-dlya-metalloplastikovykh-trub-32-x-26-x-32/$
RedirectMatch 410 ^/truby_i_fitingi/fitingi/troyniki/tiemme-s-naruzhnoy-rezboy-dlya-pnd-trub-32-x-1-x-32/$
RedirectMatch 410 ^/truby_i_fitingi/fitingi/troyniki/tiemme-s-vnutrenney-rezboy-dlya-metalloplastikovykh-trub-16-x-1-2-x-16/$
RedirectMatch 410 ^/truby_i_fitingi/fitingi/troyniki/uponor-q-e-ppsu-reduktsionnyy-63-40-40/$
RedirectMatch 410 ^/truby_i_fitingi/fitingi/zaglushki/tiemme-hr-nikelirovannaya-3-4/$
RedirectMatch 410 ^/truby_i_fitingi/fitingi_dlya_truboprovodnoy_sistemy/khromirovannyy-perekhodnik-dlya-metalloplastikovykh-trub-vr-fc-5061-1-80204/$
RedirectMatch 410 ^/truby_i_fitingi/fitingi_dlya_truboprovodnoy_sistemy/kontsovka-dlya-metalloplastikovykh-trub-s-nakidnoy-gaykoy-dlya-kollektora-far-fc-6056-263264/$
RedirectMatch 410 ^/truby_i_fitingi/fitingi_dlya_truboprovodnoy_sistemy/shtutser-uponor-q-e-ppsu-20-3-4-nr/$
RedirectMatch 410 ^/truby_i_fitingi/fitingi_dlya_truboprovodnoy_sistemy/s-vnutrenney-rezboy-na-bokovom-prokhode-rehau-rautitan-32-rp-1-25/$
RedirectMatch 410 ^/truby_i_fitingi/fitingi_dlya_truboprovodnoy_sistemy/troynik-dlya-metalloplastikovykh-trub-vr-far-fc-5461-12-80204/$
RedirectMatch 410 ^/truby_i_fitingi/fitingi_dlya_truboprovodnoy_sistemy/ugolnik-dlya-metalloplastikovykh-trub-far-fc-5360-c12/$
RedirectMatch 410 ^/truby_i_fitingi/fitingi_pressovye/far-s-perekhodom-na-naruzhnuyu-rezbu-16kh2-25-1-2/$
RedirectMatch 410 ^/truby_i_fitingi/fitingi_pressovye/far-s-perekhodom-na-naruzhnuyu-rezbu-20kh2-1-2/$
RedirectMatch 410 ^/truby_i_fitingi/fitingi_pressovye/far-s-plastikovoy-kryshkoy-16kh2/$
RedirectMatch 410 ^/truby_i_fitingi/fitingi_pressovye/press-mufta-dvustoronnyaya-far-32kh3/$
RedirectMatch 410 ^/truby_i_fitingi/fitingi_pressovye/press-perekhodnik-s-naruzhnoy-rezboy-far-26kh3-1/$
RedirectMatch 410 ^/truby_i_fitingi/fitingi_pressovye/press-perekhodnik-s-naruzhnoy-rezboy-far-40kh3-5-1-1-4/$
RedirectMatch 410 ^/truby_i_fitingi/fitingi_pressovye/press-perekhodnik-s-vnutrenney-rezboy-far-40kh3-5-1-1-4/$
RedirectMatch 410 ^/truby_i_fitingi/fitingi_pressovye/press-troynik-far-dlya-stalnogo-kronshteyna-kod-7477-16kh2-25-1-2/$
RedirectMatch 410 ^/truby_i_fitingi/fitingi_pressovye/press-troynik-far-s-naruzhnoy-rezboy-na-tsentralnom-otvode-20kh2-1-2/$
RedirectMatch 410 ^/truby_i_fitingi/fitingi_pressovye/press-troynik-far-s-naruzhnoy-rezboy-na-tsentralnom-otvode-40kh3-5-1-1-4/$
RedirectMatch 410 ^/truby_i_fitingi/fitingi_pressovye/press-troynik-far-s-vnutrenney-rezboy-na-tsentralnom-otvode-26kh3-1/$
RedirectMatch 410 ^/truby_i_fitingi/fitingi_pressovye/press-troynik-reduktsionnyy-far-20x2-18x2-18x2/$
RedirectMatch 410 ^/truby_i_fitingi/fitingi_pressovye/press-troynik-reduktsionnyy-far-26kh3-26kh3-16kh2/$
RedirectMatch 410 ^/truby_i_fitingi/fitingi_pressovye/press-troynik-reduktsionnyy-far-50x4-26x3-40x3-5/$
RedirectMatch 410 ^/truby_i_fitingi/fitingi_pressovye/press-ugolnik-dvustoronniy-far-16kh2/$
RedirectMatch 410 ^/truby_i_fitingi/fitingi_pressovye/press-ugolnik-dvustoronniy-far-50kh4/$
RedirectMatch 410 ^/truby_i_fitingi/fitingi_pressovye/press-ugolnik-far-dlya-stalnogo-kronshteyna-kod-7477-16kh2-25-1-2/$
RedirectMatch 410 ^/truby_i_fitingi/fitingi_pressovye/tiemme-mufta-dlya-metalloplastikovykh-trub-32-x-26/$
RedirectMatch 410 ^/truby_i_fitingi/fitingi_pressovye/tiemme-ugolnik-s-naruzhnoy-rezboy-dlya-metalloplastikovykh-trub-16-x-1-2-quot-pressovyy/$
RedirectMatch 410 ^/truby_i_fitingi/fitingi_rezbovye/tiemme-hv-1-1-2-x-1-1-4/$
RedirectMatch 410 ^/truby_i_fitingi/fitingi_rezbovye/tiemme-mufta-bb-1-quot-kh-1-quot/$
RedirectMatch 410 ^/truby_i_fitingi/fitingi_rezbovye/tiemme-zaglushka-hr-1-2-quot/$
RedirectMatch 410 ^/truby_i_fitingi/fitingi_vintovye/tiemme-troynik-perekhodnoy-dlya-metalloplastikovykh-trub-26-x-20-x-26/$
RedirectMatch 410 ^/truby_i_fitingi/itap/_itap_g_i_161/$
RedirectMatch 410 ^/truby_i_fitingi/polietilenovyye/firat/_pprc_firat/$
RedirectMatch 410 ^/truby_i_fitingi/polipropilenovye_i_polietilenovye_truby/otopitelnaya-truba-rehau-rautitan-pink-25kh3-5-mm-pryamye-otrezki-6-m/$
RedirectMatch 410 ^/truby_i_fitingi/polipropilenovye_i_polietilenovye_truby/truba-pnd-pe100-20kh1-8-mm-pn-12-5-dzhileks-bukhta-100-m/$
RedirectMatch 410 ^/truby_i_fitingi/polipropilenovye_i_polietilenovye_truby/truba-uponor-wirsbo-pe-xa-iso-a-s3-2-63x8-7-mm-v-pryamykh-otrezkakh-po-6-m/$
RedirectMatch 410 ^/truby_i_fitingi/rehau/_rehau_/$
RedirectMatch 410 ^/truby_i_fitingi/soedinitelnye_elementy_iz_polipropilena/obvod-polipropilenovyy-firat-20/$
RedirectMatch 410 ^/truby_i_fitingi/soedinitelnye_elementy_iz_polipropilena/obvod-polipropilenovyy-firat-25/$
RedirectMatch 410 ^/truby_i_fitingi/soedinitelnye_elementy_iz_polipropilena/ugolnik-90-polipropilenovyy-firat-20/$
RedirectMatch 410 ^/truby_i_fitingi/tiemme/_tiemme_i_/$
RedirectMatch 410 ^/vodonagrevateli/acv/_acv_jumbo/$
RedirectMatch 410 ^/vodonagrevateli/acv_lca_1000_2_co_tm/$
RedirectMatch 410 ^/vodonagrevateli/acv_lca_2500_2_co_tm/$
RedirectMatch 410 ^/vodonagrevateli/aeg/_ewh_trend/$
RedirectMatch 410 ^/vodonagrevateli/aeg/beznapornyy/$
RedirectMatch 410 ^/vodonagrevateli/aeg/seriya_dem_basis/$
RedirectMatch 410 ^/vodonagrevateli/aeg/seriya_rmc/$
RedirectMatch 410 ^/vodonagrevateli/aeg/sloveniya/$
RedirectMatch 410 ^/vodonagrevateli/ariston/ariston_nhre/$
RedirectMatch 410 ^/vodonagrevateli/ariston/ariston_seriya_abs_pro_r/$
RedirectMatch 410 ^/vodonagrevateli/ariston/seriya_super_sga/$
RedirectMatch 410 ^/vodonagrevateli/buderus/seriya_logalux_s120/$
RedirectMatch 410 ^/vodonagrevateli/bufernye_emkosti/acv_lca_300_p/$
RedirectMatch 410 ^/vodonagrevateli/bufernye_emkosti/acv_lca_750_tm/$
RedirectMatch 410 ^/vodonagrevateli/bufernye_emkosti/bufernyy_bak_sunsystem_pbs_500/$
RedirectMatch 410 ^/vodonagrevateli/bufernye_emkosti/hajdu_pt_750c/$
RedirectMatch 410 ^/vodonagrevateli/de_dietrich/seriya_b_650_800_1000/$
RedirectMatch 410 ^/vodonagrevateli/elektricheskiye/aeg/_ddlt/$
RedirectMatch 410 ^/vodonagrevateli/elektricheskiye/aeg/seriya_dem_basis/$
RedirectMatch 410 ^/vodonagrevateli/elektricheskiye/ariston/ariston_seriya_platinum_industrial/$
RedirectMatch 410 ^/vodonagrevateli/elektricheskiye/ariston/ariston_seriya_ti_tronic_industrial/$
RedirectMatch 410 ^/vodonagrevateli/elektricheskiye/gorenje/gorenje_ftg/$
RedirectMatch 410 ^/vodonagrevateli/elektricheskiye/gorenje/seriya_tgr/$
RedirectMatch 410 ^/vodonagrevateli/elektricheskiye/gorenje-hajdu/$
RedirectMatch 410 ^/vodonagrevateli/elektricheskiye/nakopitelnyye/_i_i_g_i_i_aeg_ewh_200_trend/$
RedirectMatch 410 ^/vodonagrevateli/elektricheskiye/nakopitelnyye/_i_i_g_i_i_stiebel_eltron_psh_120_trend/$
RedirectMatch 410 ^/vodonagrevateli/elektricheskiye/nakopitelnyye/_i_i_g_i_i_stiebel_eltron_psh_200_trend/$
RedirectMatch 410 ^/vodonagrevateli/elektricheskiye/nakopitelnyye/_i_i_g_i_i_stiebel_eltron_shz_120_lcd/$
RedirectMatch 410 ^/vodonagrevateli/elektricheskiye/nakopitelnyye/_i_i_stiebel_eltron_cover_for_ht_80_s/$
RedirectMatch 410 ^/vodonagrevateli/elektricheskiye/nakopitelnyye/gorenje_ftg_30sm/$
RedirectMatch 410 ^/vodonagrevateli/elektricheskiye/nakopitelnyye/gorenje_ftg_80sm/$
RedirectMatch 410 ^/vodonagrevateli/elektricheskiye/nakopitelnyye/gorenje_tgu_200_b6_kozhukh_metall/$
RedirectMatch 410 ^/vodonagrevateli/elektricheskiye/nakopitelnyye/stiebel_eltron/seriya_psh_si/$
RedirectMatch 410 ^/vodonagrevateli/elektricheskiye/oso/_oso_rd/$
RedirectMatch 410 ^/vodonagrevateli/elektricheskiye/oso/seriya_oso_modul/$
RedirectMatch 410 ^/vodonagrevateli/elektricheskiye/oso/seriya_oso_super_s/$
RedirectMatch 410 ^/vodonagrevateli/elektricheskiye/protochnyye/_i_g_i_i_stiebel_eltron_hdb_e_24_si/$
RedirectMatch 410 ^/vodonagrevateli/elektricheskiye/stiebel_eltron/_dhf/$
RedirectMatch 410 ^/vodonagrevateli/elektricheskiye/stiebel_eltron/_sh_a/$
RedirectMatch 410 ^/vodonagrevateli/elektricheskiye/stiebel_eltron/_shz/$
RedirectMatch 410 ^/vodonagrevateli/elektricheskiye/sunsystem/_sel/$
RedirectMatch 410 ^/vodonagrevateli/elektricheskiye/vaillant/_vgh/$
RedirectMatch 410 ^/vodonagrevateli/gazovyye/ariston/ariston_seriya_nhre/$
RedirectMatch 410 ^/vodonagrevateli/gazovyye/ariston/seriya_super_sga/$
RedirectMatch 410 ^/vodonagrevateli/gazovyye/beretta/seriya_idrabagno/$
RedirectMatch 410 ^/vodonagrevateli/gazovyye/nakopitelnyye/baxi_sag_3_150/$
RedirectMatch 410 ^/vodonagrevateli/gazovyye/vaillant/_mag_oe/$
RedirectMatch 410 ^/vodonagrevateli/gazovyye/vaillant/seriya_mag_oe/$
RedirectMatch 410 ^/vodonagrevateli/gorenje/gorenje_ftg/$
RedirectMatch 410 ^/vodonagrevateli/hajdu/seriya_hajdu_aq_ind/$
RedirectMatch 410 ^/vodonagrevateli/kombinirovannyye/stiebel_eltron/seriya_psh_universal_el/$
RedirectMatch 410 ^/vodonagrevateli/kombinirovannyye/stiebel_eltron/seriya_sb/$
RedirectMatch 410 ^/vodonagrevateli/kosvennogo_nagreva/_ferolli_ecounit_300_1c/$
RedirectMatch 410 ^/vodonagrevateli/kosvennogo_nagreva/_ferolli_ecounit_300_2c/$
RedirectMatch 410 ^/vodonagrevateli/kosvennogo_nagreva/acv_slme_200/$
RedirectMatch 410 ^/vodonagrevateli/kosvennogo_nagreva/acv_smart_line_sle_210/$
RedirectMatch 410 ^/vodonagrevateli/kosvennogo_nagreva/baxi-slim-ub-120/$
RedirectMatch 410 ^/vodonagrevateli/kosvennogo_nagreva/beretta/seriya_idra/$
RedirectMatch 410 ^/vodonagrevateli/kosvennogo_nagreva/gorenje/seriya_gbk/$
RedirectMatch 410 ^/vodonagrevateli/kosvennogo_nagreva/l2f_800_1_spi_1042/$
RedirectMatch 410 ^/vodonagrevateli/kosvennogo_nagreva/l2th_5000_s_sistemoy_upravleniya_spz_1022/$
RedirectMatch 410 ^/vodonagrevateli/kosvennogo_nagreva/logalux_l2td_4000_s_sistemoy_upravleniya_spz_1022/$
RedirectMatch 410 ^/vodonagrevateli/kosvennogo_nagreva/logalux_l2tn_1500_s_sistemoy_upravleniya_spi_1030/$
RedirectMatch 410 ^/vodonagrevateli/kosvennogo_nagreva/logalux_l2tn_6000_s_sistemoy_upravleniya_spz_1022/$
RedirectMatch 410 ^/vodonagrevateli/kosvennogo_nagreva/logalux_ltn_2500_s_sistemoy_upravleniya_spz_1030/$
RedirectMatch 410 ^/vodonagrevateli/kosvennogo_nagreva/ltd_550_s_sistemoy_upravleniya_spi1010/$
RedirectMatch 410 ^/vodonagrevateli/kosvennogo_nagreva/lth_2000_s_sistemoy_upravleniya_spz_1022/$
RedirectMatch 410 ^/vodonagrevateli/kosvennogo_nagreva/stiebel_eltron/seriya_psh_universal_el/$
RedirectMatch 410 ^/vodonagrevateli/kosvennogo_nagreva/sunsystem/seriya_sunsystem_swpn/$
RedirectMatch 410 ^/vodonagrevateli/kosvennogo_nagreva/vaillant/_actostor_vih_k/$
RedirectMatch 410 ^/vodonagrevateli/kosvennogo_nagreva/viessmann-vitocell-100-h-tip-cha/$
RedirectMatch 410 ^/vodonagrevateli/kosvennogo_nagreva/viessmann-vitocell-100-l33670/$
RedirectMatch 410 ^/vodonagrevateli/oso/seriya_oso_rd/$
RedirectMatch 410 ^/vodonagrevateli/prinadlezhnosti_dlya_vodonagrevateley/_i_stiebel_eltron_wtw_28_23_i_g_i_g_g_i_g_i_i_sb_602_1002_/$
RedirectMatch 410 ^/vodonagrevateli/prinadlezhnosti_dlya_vodonagrevateley/_stiebel_eltron_fcr_21_60_/$
RedirectMatch 410 ^/vodonagrevateli/prinadlezhnosti_dlya_vodonagrevateley/_stiebel_eltron_fcr_28_180_/$
RedirectMatch 410 ^/vodonagrevateli/prinadlezhnosti_dlya_vodonagrevateley/acv_tm400_1_kv_m/$
RedirectMatch 410 ^/vodonagrevateli/prinadlezhnosti_dlya_vodonagrevateley/hajdu/seriya_hajdu_st/$
RedirectMatch 410 ^/vodonagrevateli/prinadlezhnosti_dlya_vodonagrevateley/teny_sunsystem_7_5kw/$
RedirectMatch 410 ^/vodonagrevateli/stiebel_eltron/_hdb_e_si/$
RedirectMatch 410 ^/vodonagrevateli/stiebel_eltron/seriya_dhf/$
RedirectMatch 410 ^/vodonagrevateli/sunsystem/_/_i_/$
RedirectMatch 410 ^/vodonagrevateli/vaillant/seriya_mag_oe/$
RedirectMatch 410 ^/vodonagrevateli/viessmann/seriya_vitocell_160_e/$
RedirectMatch 410 ^/vodopodgotovka/filtry-mekhanicheskoy-ochistki/europa-york-block-102-1-1-2/$
RedirectMatch 410 ^/vodopodgotovka/filtry-mekhanicheskoy-ochistki/honeywell-f76s-1-1-4-aa/$
RedirectMatch 410 ^/vodopodgotovka/filtry-mekhanicheskoy-ochistki/honeywell-f76s-1-aa/$
RedirectMatch 410 ^/vstroennye_pylesosy/rabochie_agregaty_i_separatory/energoblok-oxygen-electrolux-zcv860/$
RedirectMatch 410 ^/vstroennye_pylesosy/rabochie_agregaty_i_separatory/energoblok-oxygen-electrolux-zcv870/$
RedirectMatch 410 ^/vstroennye_pylesosy/shlangi_i_chekhly/shlang-9-m-bez-pereklyuchatelya-seryy/$
RedirectMatch 410 ^/armatura/klapany/balansirovochnyye/klapan-balansbp-srv-ig32-s-rashodomerom-i-funkciey-memostop11410$

RedirectMatch 410 ^/armatura/klapany/nalivnyye$
RedirectMatch 410 ^/armatura/klapany/spusknyye$
RedirectMatch 410 ^/armatura/sharovyye/s_amerikankoy$
RedirectMatch 410 ^/elektricheskiy_teplyy_pol$
RedirectMatch 410 ^/konvektory/vodyanyye/napolnyye$
RedirectMatch 410 ^/montazh/montazh-sistem-otopleniya$
RedirectMatch 410 ^/montazh/montazh-sistem-vodosnabzheniya/rifar$
RedirectMatch 410 ^/montazh/montazh-sistem-vodosnabzheniya/vodianoe$
RedirectMatch 410 ^/rinnai/emf$
RedirectMatch 410 ^/rinnai/rmf$
RedirectMatch 410 ^/truby_i_fitingi/fitingi/gofry$

RedirectMatch 410 ^/dymokhody/stalnyye/stalnyye_iz_nerzhaveyki/bofill/_bofill_ri/$
RedirectMatch 410 ^/nasosy/pogruzhnyye/drenazhnyye/wilo/seriya_wilo_drain_tm_tmw_tmr_32/$
RedirectMatch 410 ^/nasosy/pogruzhnyye/skvazhinnyye/grundfos/seriya_grundfos_sq/$
RedirectMatch 410 ^/otopitelnyye_kotly/tverdotoplivnyye/bolgariya-chekhiya/piroliznyy/drova/$
RedirectMatch 410 ^/otopitelnyye_kotly/tverdotoplivnyye/drova/drova/napolnoe/nerzhaveyushchaya_stal-chugunnyy/$
RedirectMatch 410 ^/otopitelnyye_kotly/tverdotoplivnyye/odnokonturnyye/chugunnyy-tverdotoplivnyy-kotel-beretta-karbor-27/$

